[{"model": "auth.timezone", "pk": 0, "fields": {"description": "Etc/UTC"}}, {"model": "auth.timezone", "pk": 1, "fields": {"description": "GB"}}, {"model": "auth.timezone", "pk": 2, "fields": {"description": "NZ"}}, {"model": "auth.timezone", "pk": 3, "fields": {"description": "US/Alaska"}}, {"model": "auth.timezone", "pk": 4, "fields": {"description": "US/Pacific"}}, {"model": "auth.timezone", "pk": 5, "fields": {"description": "US/Hawaii"}}, {"model": "auth.timezone", "pk": 6, "fields": {"description": "US/Samoa"}}, {"model": "auth.timezone", "pk": 7, "fields": {"description": "US/Michigan"}}, {"model": "auth.timezone", "pk": 8, "fields": {"description": "US/Arizona"}}, {"model": "auth.timezone", "pk": 9, "fields": {"description": "US/Mountain"}}, {"model": "auth.timezone", "pk": 10, "fields": {"description": "US/Central"}}, {"model": "auth.timezone", "pk": 11, "fields": {"description": "US/East-Indiana"}}, {"model": "auth.timezone", "pk": 12, "fields": {"description": "US/Pacific-New"}}, {"model": "auth.timezone", "pk": 13, "fields": {"description": "US/Aleutian"}}, {"model": "auth.timezone", "pk": 14, "fields": {"description": "US/Eastern"}}, {"model": "auth.timezone", "pk": 15, "fields": {"description": "US/Indiana-Starke"}}, {"model": "auth.timezone", "pk": 16, "fields": {"description": "CET"}}, {"model": "auth.timezone", "pk": 17, "fields": {"description": "EET"}}, {"model": "auth.timezone", "pk": 18, "fields": {"description": "EST"}}, {"model": "auth.timezone", "pk": 19, "fields": {"description": "GMT"}}, {"model": "auth.timezone", "pk": 20, "fields": {"description": "HST"}}, {"model": "auth.timezone", "pk": 21, "fields": {"description": "Etc/GMT"}}, {"model": "auth.timezone", "pk": 22, "fields": {"description": "Etc/UCT"}}, {"model": "auth.timezone", "pk": 23, "fields": {"description": "Etc/GMT0"}}, {"model": "auth.timezone", "pk": 24, "fields": {"description": "Etc/Zulu"}}, {"model": "auth.timezone", "pk": 25, "fields": {"description": "Etc/GMT+10"}}, {"model": "auth.timezone", "pk": 26, "fields": {"description": "Etc/GMT+11"}}, {"model": "auth.timezone", "pk": 27, "fields": {"description": "Etc/GMT+12"}}, {"model": "auth.timezone", "pk": 28, "fields": {"description": "Etc/GMT-10"}}, {"model": "auth.timezone", "pk": 29, "fields": {"description": "Etc/GMT-11"}}, {"model": "auth.timezone", "pk": 30, "fields": {"description": "Etc/GMT-12"}}, {"model": "auth.timezone", "pk": 31, "fields": {"description": "Etc/GMT-13"}}, {"model": "auth.timezone", "pk": 32, "fields": {"description": "Etc/GMT-14"}}, {"model": "auth.timezone", "pk": 33, "fields": {"description": "Etc/Universal"}}, {"model": "auth.timezone", "pk": 34, "fields": {"description": "Etc/GMT+0"}}, {"model": "auth.timezone", "pk": 35, "fields": {"description": "Etc/GMT+1"}}, {"model": "auth.timezone", "pk": 36, "fields": {"description": "Etc/GMT+2"}}, {"model": "auth.timezone", "pk": 37, "fields": {"description": "Etc/GMT+3"}}, {"model": "auth.timezone", "pk": 38, "fields": {"description": "Etc/GMT+4"}}, {"model": "auth.timezone", "pk": 39, "fields": {"description": "Etc/GMT+5"}}, {"model": "auth.timezone", "pk": 40, "fields": {"description": "Etc/GMT+6"}}, {"model": "auth.timezone", "pk": 41, "fields": {"description": "Etc/GMT+7"}}, {"model": "auth.timezone", "pk": 42, "fields": {"description": "Etc/GMT+8"}}, {"model": "auth.timezone", "pk": 43, "fields": {"description": "Etc/GMT+9"}}, {"model": "auth.timezone", "pk": 44, "fields": {"description": "Etc/GMT-0"}}, {"model": "auth.timezone", "pk": 45, "fields": {"description": "Etc/GMT-1"}}, {"model": "auth.timezone", "pk": 46, "fields": {"description": "Etc/GMT-2"}}, {"model": "auth.timezone", "pk": 47, "fields": {"description": "Etc/GMT-3"}}, {"model": "auth.timezone", "pk": 48, "fields": {"description": "Etc/GMT-4"}}, {"model": "auth.timezone", "pk": 49, "fields": {"description": "Etc/GMT-5"}}, {"model": "auth.timezone", "pk": 50, "fields": {"description": "Etc/GMT-6"}}, {"model": "auth.timezone", "pk": 51, "fields": {"description": "Etc/GMT-7"}}, {"model": "auth.timezone", "pk": 52, "fields": {"description": "Etc/GMT-8"}}, {"model": "auth.timezone", "pk": 53, "fields": {"description": "Etc/GMT-9"}}, {"model": "auth.timezone", "pk": 54, "fields": {"description": "Etc/Greenwich"}}, {"model": "auth.timezone", "pk": 55, "fields": {"description": "MET"}}, {"model": "auth.timezone", "pk": 56, "fields": {"description": "MST"}}, {"model": "auth.timezone", "pk": 57, "fields": {"description": "PRC"}}, {"model": "auth.timezone", "pk": 58, "fields": {"description": "ROC"}}, {"model": "auth.timezone", "pk": 59, "fields": {"description": "ROK"}}, {"model": "auth.timezone", "pk": 60, "fields": {"description": "UCT"}}, {"model": "auth.timezone", "pk": 61, "fields": {"description": "UTC"}}, {"model": "auth.timezone", "pk": 62, "fields": {"description": "WET"}}, {"model": "auth.timezone", "pk": 63, "fields": {"description": "Asia/Almaty"}}, {"model": "auth.timezone", "pk": 64, "fields": {"description": "Asia/Anadyr"}}, {"model": "auth.timezone", "pk": 65, "fields": {"description": "Asia/Aden"}}, {"model": "auth.timezone", "pk": 66, "fields": {"description": "Asia/Baku"}}, {"model": "auth.timezone", "pk": 67, "fields": {"description": "Asia/Dili"}}, {"model": "auth.timezone", "pk": 68, "fields": {"description": "Asia/Beirut"}}, {"model": "auth.timezone", "pk": 69, "fields": {"description": "Asia/Gaza"}}, {"model": "auth.timezone", "pk": 70, "fields": {"description": "Asia/Hovd"}}, {"model": "auth.timezone", "pk": 71, "fields": {"description": "Asia/Omsk"}}, {"model": "auth.timezone", "pk": 72, "fields": {"description": "Asia/Oral"}}, {"model": "auth.timezone", "pk": 73, "fields": {"description": "Asia/Aqtobe"}}, {"model": "auth.timezone", "pk": 74, "fields": {"description": "Asia/Brunei"}}, {"model": "auth.timezone", "pk": 75, "fields": {"description": "Asia/Baghdad"}}, {"model": "auth.timezone", "pk": 76, "fields": {"description": "Asia/Bahrain"}}, {"model": "auth.timezone", "pk": 77, "fields": {"description": "Asia/Bangkok"}}, {"model": "auth.timezone", "pk": 78, "fields": {"description": "Asia/Makassar"}}, {"model": "auth.timezone", "pk": 79, "fields": {"description": "Asia/Vladivostok"}}, {"model": "auth.timezone", "pk": 80, "fields": {"description": "Asia/Harbin"}}, {"model": "auth.timezone", "pk": 81, "fields": {"description": "Asia/Amman"}}, {"model": "auth.timezone", "pk": 82, "fields": {"description": "Asia/Aqtau"}}, {"model": "auth.timezone", "pk": 83, "fields": {"description": "Asia/Dacca"}}, {"model": "auth.timezone", "pk": 84, "fields": {"description": "Asia/Dhaka"}}, {"model": "auth.timezone", "pk": 85, "fields": {"description": "Asia/Dubai"}}, {"model": "auth.timezone", "pk": 86, "fields": {"description": "Asia/Yekaterinburg"}}, {"model": "auth.timezone", "pk": 87, "fields": {"description": "Asia/Kabul"}}, {"model": "auth.timezone", "pk": 88, "fields": {"description": "Asia/Macao"}}, {"model": "auth.timezone", "pk": 89, "fields": {"description": "Asia/Macau"}}, {"model": "auth.timezone", "pk": 90, "fields": {"description": "Asia/Calcutta"}}, {"model": "auth.timezone", "pk": 91, "fields": {"description": "Asia/Qatar"}}, {"model": "auth.timezone", "pk": 92, "fields": {"description": "Asia/Seoul"}}, {"model": "auth.timezone", "pk": 93, "fields": {"description": "Asia/Tokyo"}}, {"model": "auth.timezone", "pk": 94, "fields": {"description": "Asia/Kuwait"}}, {"model": "auth.timezone", "pk": 95, "fields": {"description": "Asia/Manila"}}, {"model": "auth.timezone", "pk": 96, "fields": {"description": "Asia/Bishkek"}}, {"model": "auth.timezone", "pk": 97, "fields": {"description": "Asia/Ho_Chi_Minh"}}, {"model": "auth.timezone", "pk": 98, "fields": {"description": "Asia/Muscat"}}, {"model": "auth.timezone", "pk": 99, "fields": {"description": "Asia/Jakarta"}}, {"model": "auth.timezone", "pk": 100, "fields": {"description": "Asia/Riyadh"}}, {"model": "auth.timezone", "pk": 101, "fields": {"description": "Asia/Saigon"}}, {"model": "auth.timezone", "pk": 102, "fields": {"description": "Asia/Taipei"}}, {"model": "auth.timezone", "pk": 103, "fields": {"description": "Asia/Tehran"}}, {"model": "auth.timezone", "pk": 104, "fields": {"description": "Asia/Thimbu"}}, {"model": "auth.timezone", "pk": 105, "fields": {"description": "Asia/Choibalsan"}}, {"model": "auth.timezone", "pk": 106, "fields": {"description": "Asia/Urumqi"}}, {"model": "auth.timezone", "pk": 107, "fields": {"description": "Asia/Irkutsk"}}, {"model": "auth.timezone", "pk": 108, "fields": {"description": "Asia/Karachi"}}, {"model": "auth.timezone", "pk": 109, "fields": {"description": "Asia/Kashgar"}}, {"model": "auth.timezone", "pk": 110, "fields": {"description": "Asia/Ulan_Bator"}}, {"model": "auth.timezone", "pk": 111, "fields": {"description": "Asia/Colombo"}}, {"model": "auth.timezone", "pk": 112, "fields": {"description": "Asia/Rangoon"}}, {"model": "auth.timezone", "pk": 113, "fields": {"description": "Asia/Krasnoyarsk"}}, {"model": "auth.timezone", "pk": 114, "fields": {"description": "Asia/Ashkhabad"}}, {"model": "auth.timezone", "pk": 115, "fields": {"description": "Asia/Yakutsk"}}, {"model": "auth.timezone", "pk": 116, "fields": {"description": "Asia/Istanbul"}}, {"model": "auth.timezone", "pk": 117, "fields": {"description": "Asia/Tashkent"}}, {"model": "auth.timezone", "pk": 118, "fields": {"description": "Asia/Singapore"}}, {"model": "auth.timezone", "pk": 119, "fields": {"description": "Asia/Yerevan"}}, {"model": "auth.timezone", "pk": 120, "fields": {"description": "Asia/Jayapura"}}, {"model": "auth.timezone", "pk": 121, "fields": {"description": "Asia/Samarkand"}}, {"model": "auth.timezone", "pk": 122, "fields": {"description": "Asia/Ashgabat"}}, {"model": "auth.timezone", "pk": 123, "fields": {"description": "Asia/Riyadh87"}}, {"model": "auth.timezone", "pk": 124, "fields": {"description": "Asia/Riyadh88"}}, {"model": "auth.timezone", "pk": 125, "fields": {"description": "Asia/Riyadh89"}}, {"model": "auth.timezone", "pk": 126, "fields": {"description": "Asia/Pontianak"}}, {"model": "auth.timezone", "pk": 127, "fields": {"description": "Asia/Novokuznetsk"}}, {"model": "auth.timezone", "pk": 128, "fields": {"description": "Asia/Kolkata"}}, {"model": "auth.timezone", "pk": 129, "fields": {"description": "Asia/Kuching"}}, {"model": "auth.timezone", "pk": 130, "fields": {"description": "Asia/Magadan"}}, {"model": "auth.timezone", "pk": 131, "fields": {"description": "Asia/Shanghai"}}, {"model": "auth.timezone", "pk": 132, "fields": {"description": "Asia/Pyongyang"}}, {"model": "auth.timezone", "pk": 133, "fields": {"description": "Asia/Jerusalem"}}, {"model": "auth.timezone", "pk": 134, "fields": {"description": "Asia/Kuala_Lumpur"}}, {"model": "auth.timezone", "pk": 135, "fields": {"description": "Asia/Tbilisi"}}, {"model": "auth.timezone", "pk": 136, "fields": {"description": "Asia/Hong_Kong"}}, {"model": "auth.timezone", "pk": 137, "fields": {"description": "Asia/Dushanbe"}}, {"model": "auth.timezone", "pk": 138, "fields": {"description": "Asia/Damascus"}}, {"model": "auth.timezone", "pk": 139, "fields": {"description": "Asia/Sakhalin"}}, {"model": "auth.timezone", "pk": 140, "fields": {"description": "Asia/Thimphu"}}, {"model": "auth.timezone", "pk": 141, "fields": {"description": "Asia/Chungking"}}, {"model": "auth.timezone", "pk": 142, "fields": {"description": "Asia/Kamchatka"}}, {"model": "auth.timezone", "pk": 143, "fields": {"description": "Asia/Nicosia"}}, {"model": "auth.timezone", "pk": 144, "fields": {"description": "Asia/Ujung_Pandang"}}, {"model": "auth.timezone", "pk": 145, "fields": {"description": "Asia/Chongqing"}}, {"model": "auth.timezone", "pk": 146, "fields": {"description": "Asia/Tel_Aviv"}}, {"model": "auth.timezone", "pk": 147, "fields": {"description": "Asia/Novosibirsk"}}, {"model": "auth.timezone", "pk": 148, "fields": {"description": "Asia/Kathmandu"}}, {"model": "auth.timezone", "pk": 149, "fields": {"description": "Asia/Vientiane"}}, {"model": "auth.timezone", "pk": 150, "fields": {"description": "Asia/Qyzylorda"}}, {"model": "auth.timezone", "pk": 151, "fields": {"description": "Asia/Phnom_Penh"}}, {"model": "auth.timezone", "pk": 152, "fields": {"description": "Asia/Ulaanbaatar"}}, {"model": "auth.timezone", "pk": 153, "fields": {"description": "Asia/Katmandu"}}, {"model": "auth.timezone", "pk": 154, "fields": {"description": "Cuba"}}, {"model": "auth.timezone", "pk": 155, "fields": {"description": "GMT0"}}, {"model": "auth.timezone", "pk": 156, "fields": {"description": "Eire"}}, {"model": "auth.timezone", "pk": 157, "fields": {"description": "Iran"}}, {"model": "auth.timezone", "pk": 158, "fields": {"description": "W-SU"}}, {"model": "auth.timezone", "pk": 159, "fields": {"description": "Arctic/Longyearbyen"}}, {"model": "auth.timezone", "pk": 160, "fields": {"description": "Zulu"}}, {"model": "auth.timezone", "pk": 161, "fields": {"description": "Canada/Pacific"}}, {"model": "auth.timezone", "pk": 162, "fields": {"description": "Canada/Yukon"}}, {"model": "auth.timezone", "pk": 163, "fields": {"description": "Canada/Mountain"}}, {"model": "auth.timezone", "pk": 164, "fields": {"description": "Canada/Central"}}, {"model": "auth.timezone", "pk": 165, "fields": {"description": "Canada/Eastern"}}, {"model": "auth.timezone", "pk": 166, "fields": {"description": "Canada/Newfoundland"}}, {"model": "auth.timezone", "pk": 167, "fields": {"description": "Canada/East-Saskatchewan"}}, {"model": "auth.timezone", "pk": 168, "fields": {"description": "Canada/Atlantic"}}, {"model": "auth.timezone", "pk": 169, "fields": {"description": "Canada/Saskatchewan"}}, {"model": "auth.timezone", "pk": 170, "fields": {"description": "Brazil/Acre"}}, {"model": "auth.timezone", "pk": 171, "fields": {"description": "Brazil/East"}}, {"model": "auth.timezone", "pk": 172, "fields": {"description": "Brazil/West"}}, {"model": "auth.timezone", "pk": 173, "fields": {"description": "Brazil/DeNoronha"}}, {"model": "auth.timezone", "pk": 174, "fields": {"description": "America/Mexico_City"}}, {"model": "auth.timezone", "pk": 175, "fields": {"description": "America/Adak"}}, {"model": "auth.timezone", "pk": 176, "fields": {"description": "America/Atka"}}, {"model": "auth.timezone", "pk": 177, "fields": {"description": "America/Belize"}}, {"model": "auth.timezone", "pk": 178, "fields": {"description": "America/Lima"}}, {"model": "auth.timezone", "pk": 179, "fields": {"description": "America/Nome"}}, {"model": "auth.timezone", "pk": 180, "fields": {"description": "America/Cancun"}}, {"model": "auth.timezone", "pk": 181, "fields": {"description": "America/Cayman"}}, {"model": "auth.timezone", "pk": 182, "fields": {"description": "America/Bogota"}}, {"model": "auth.timezone", "pk": 183, "fields": {"description": "America/Dawson"}}, {"model": "auth.timezone", "pk": 184, "fields": {"description": "America/Denver"}}, {"model": "auth.timezone", "pk": 185, "fields": {"description": "America/Cuiaba"}}, {"model": "auth.timezone", "pk": 186, "fields": {"description": "America/Ojinaga"}}, {"model": "auth.timezone", "pk": 187, "fields": {"description": "America/Antigua"}}, {"model": "auth.timezone", "pk": 188, "fields": {"description": "America/Havana"}}, {"model": "auth.timezone", "pk": 189, "fields": {"description": "America/Bahia"}}, {"model": "auth.timezone", "pk": 190, "fields": {"description": "America/Belem"}}, {"model": "auth.timezone", "pk": 191, "fields": {"description": "America/Aruba"}}, {"model": "auth.timezone", "pk": 192, "fields": {"description": "America/Boise"}}, {"model": "auth.timezone", "pk": 193, "fields": {"description": "America/Thunder_Bay"}}, {"model": "auth.timezone", "pk": 194, "fields": {"description": "America/Guatemala"}}, {"model": "auth.timezone", "pk": 195, "fields": {"description": "America/Guyana"}}, {"model": "auth.timezone", "pk": 196, "fields": {"description": "America/Jujuy"}}, {"model": "auth.timezone", "pk": 197, "fields": {"description": "America/Inuvik"}}, {"model": "auth.timezone", "pk": 198, "fields": {"description": "America/Thule"}}, {"model": "auth.timezone", "pk": 199, "fields": {"description": "America/Rankin_Inlet"}}, {"model": "auth.timezone", "pk": 200, "fields": {"description": "America/Juneau"}}, {"model": "auth.timezone", "pk": 201, "fields": {"description": "America/La_Paz"}}, {"model": "auth.timezone", "pk": 202, "fields": {"description": "America/Maceio"}}, {"model": "auth.timezone", "pk": 203, "fields": {"description": "America/Manaus"}}, {"model": "auth.timezone", "pk": 204, "fields": {"description": "America/Merida"}}, {"model": "auth.timezone", "pk": 205, "fields": {"description": "America/Guayaquil"}}, {"model": "auth.timezone", "pk": 206, "fields": {"description": "America/Montreal"}}, {"model": "auth.timezone", "pk": 207, "fields": {"description": "America/Nassau"}}, {"model": "auth.timezone", "pk": 208, "fields": {"description": "America/Cambridge_Bay"}}, {"model": "auth.timezone", "pk": 209, "fields": {"description": "America/Phoenix"}}, {"model": "auth.timezone", "pk": 210, "fields": {"description": "America/Panama"}}, {"model": "auth.timezone", "pk": 211, "fields": {"description": "America/Puerto_Rico"}}, {"model": "auth.timezone", "pk": 212, "fields": {"description": "America/Caracas"}}, {"model": "auth.timezone", "pk": 213, "fields": {"description": "America/Cayenne"}}, {"model": "auth.timezone", "pk": 214, "fields": {"description": "America/Jamaica"}}, {"model": "auth.timezone", "pk": 215, "fields": {"description": "America/Porto_Acre"}}, {"model": "auth.timezone", "pk": 216, "fields": {"description": "America/Recife"}}, {"model": "auth.timezone", "pk": 217, "fields": {"description": "America/Regina"}}, {"model": "auth.timezone", "pk": 218, "fields": {"description": "America/Indiana/Knox"}}, {"model": "auth.timezone", "pk": 219, "fields": {"description": "America/Indiana/Vincennes"}}, {"model": "auth.timezone", "pk": 220, "fields": {"description": "America/Indiana/Vevay"}}, {"model": "auth.timezone", "pk": 221, "fields": {"description": "America/Indiana/Winamac"}}, {"model": "auth.timezone", "pk": 222, "fields": {"description": "America/Indiana/Tell_City"}}, {"model": "auth.timezone", "pk": 223, "fields": {"description": "America/Indiana/Petersburg"}}, {"model": "auth.timezone", "pk": 224, "fields": {"description": "America/Indiana/Marengo"}}, {"model": "auth.timezone", "pk": 225, "fields": {"description": "America/Indiana/Indianapolis"}}, {"model": "auth.timezone", "pk": 226, "fields": {"description": "America/Santa_Isabel"}}, {"model": "auth.timezone", "pk": 227, "fields": {"description": "America/Buenos_Aires"}}, {"model": "auth.timezone", "pk": 228, "fields": {"description": "America/Danmarkshavn"}}, {"model": "auth.timezone", "pk": 229, "fields": {"description": "America/Mazatlan"}}, {"model": "auth.timezone", "pk": 230, "fields": {"description": "America/Iqaluit"}}, {"model": "auth.timezone", "pk": 231, "fields": {"description": "America/Blanc-Sablon"}}, {"model": "auth.timezone", "pk": 232, "fields": {"description": "America/Boa_Vista"}}, {"model": "auth.timezone", "pk": 233, "fields": {"description": "America/Virgin"}}, {"model": "auth.timezone", "pk": 234, "fields": {"description": "America/Chicago"}}, {"model": "auth.timezone", "pk": 235, "fields": {"description": "America/Ensenada"}}, {"model": "auth.timezone", "pk": 236, "fields": {"description": "America/Catamarca"}}, {"model": "auth.timezone", "pk": 237, "fields": {"description": "America/Costa_Rica"}}, {"model": "auth.timezone", "pk": 238, "fields": {"description": "America/Fortaleza"}}, {"model": "auth.timezone", "pk": 239, "fields": {"description": "America/St_Johns"}}, {"model": "auth.timezone", "pk": 240, "fields": {"description": "America/St_Kitts"}}, {"model": "auth.timezone", "pk": 241, "fields": {"description": "America/Miquelon"}}, {"model": "auth.timezone", "pk": 242, "fields": {"description": "America/St_Lucia"}}, {"model": "auth.timezone", "pk": 243, "fields": {"description": "America/Coral_Harbour"}}, {"model": "auth.timezone", "pk": 244, "fields": {"description": "America/Port-au-Prince"}}, {"model": "auth.timezone", "pk": 245, "fields": {"description": "America/Vancouver"}}, {"model": "auth.timezone", "pk": 246, "fields": {"description": "America/Porto_Velho"}}, {"model": "auth.timezone", "pk": 247, "fields": {"description": "America/Winnipeg"}}, {"model": "auth.timezone", "pk": 248, "fields": {"description": "America/Martinique"}}, {"model": "auth.timezone", "pk": 249, "fields": {"description": "America/Cordoba"}}, {"model": "auth.timezone", "pk": 250, "fields": {"description": "America/Whitehorse"}}, {"model": "auth.timezone", "pk": 251, "fields": {"description": "America/New_York"}}, {"model": "auth.timezone", "pk": 252, "fields": {"description": "America/Glace_Bay"}}, {"model": "auth.timezone", "pk": 253, "fields": {"description": "America/Yakutat"}}, {"model": "auth.timezone", "pk": 254, "fields": {"description": "America/Detroit"}}, {"model": "auth.timezone", "pk": 255, "fields": {"description": "America/St_Barthelemy"}}, {"model": "auth.timezone", "pk": 256, "fields": {"description": "America/Louisville"}}, {"model": "auth.timezone", "pk": 257, "fields": {"description": "America/Grand_Turk"}}, {"model": "auth.timezone", "pk": 258, "fields": {"description": "America/Fort_Wayne"}}, {"model": "auth.timezone", "pk": 259, "fields": {"description": "America/Goose_Bay"}}, {"model": "auth.timezone", "pk": 260, "fields": {"description": "America/Yellowknife"}}, {"model": "auth.timezone", "pk": 261, "fields": {"description": "America/Curacao"}}, {"model": "auth.timezone", "pk": 262, "fields": {"description": "America/Hermosillo"}}, {"model": "auth.timezone", "pk": 263, "fields": {"description": "America/Tegucigalpa"}}, {"model": "auth.timezone", "pk": 264, "fields": {"description": "America/Paramaribo"}}, {"model": "auth.timezone", "pk": 265, "fields": {"description": "America/Scoresbysund"}}, {"model": "auth.timezone", "pk": 266, "fields": {"description": "America/Swift_Current"}}, {"model": "auth.timezone", "pk": 267, "fields": {"description": "America/Kentucky/Louisville"}}, {"model": "auth.timezone", "pk": 268, "fields": {"description": "America/Kentucky/Monticello"}}, {"model": "auth.timezone", "pk": 269, "fields": {"description": "America/Knox_IN"}}, {"model": "auth.timezone", "pk": 270, "fields": {"description": "America/Anchorage"}}, {"model": "auth.timezone", "pk": 271, "fields": {"description": "America/Eirunepe"}}, {"model": "auth.timezone", "pk": 272, "fields": {"description": "America/Rosario"}}, {"model": "auth.timezone", "pk": 273, "fields": {"description": "America/Argentina/Ushuaia"}}, {"model": "auth.timezone", "pk": 274, "fields": {"description": "America/Argentina/Jujuy"}}, {"model": "auth.timezone", "pk": 275, "fields": {"description": "America/Argentina/Salta"}}, {"model": "auth.timezone", "pk": 276, "fields": {"description": "America/Argentina/Rio_Gallegos"}}, {"model": "auth.timezone", "pk": 277, "fields": {"description": "America/Argentina/Buenos_Aires"}}, {"model": "auth.timezone", "pk": 278, "fields": {"description": "America/Argentina/La_Rioja"}}, {"model": "auth.timezone", "pk": 279, "fields": {"description": "America/Argentina/ComodRivadavia"}}, {"model": "auth.timezone", "pk": 280, "fields": {"description": "America/Argentina/Catamarca"}}, {"model": "auth.timezone", "pk": 281, "fields": {"description": "America/Argentina/Cordoba"}}, {"model": "auth.timezone", "pk": 282, "fields": {"description": "America/Argentina/Mendoza"}}, {"model": "auth.timezone", "pk": 283, "fields": {"description": "America/Argentina/San_Juan"}}, {"model": "auth.timezone", "pk": 284, "fields": {"description": "America/Argentina/San_Luis"}}, {"model": "auth.timezone", "pk": 285, "fields": {"description": "America/Argentina/Tucuman"}}, {"model": "auth.timezone", "pk": 286, "fields": {"description": "America/Barbados"}}, {"model": "auth.timezone", "pk": 287, "fields": {"description": "America/Dawson_Creek"}}, {"model": "auth.timezone", "pk": 288, "fields": {"description": "America/Managua"}}, {"model": "auth.timezone", "pk": 289, "fields": {"description": "America/Atikokan"}}, {"model": "auth.timezone", "pk": 290, "fields": {"description": "America/Marigot"}}, {"model": "auth.timezone", "pk": 291, "fields": {"description": "America/Pangnirtung"}}, {"model": "auth.timezone", "pk": 292, "fields": {"description": "America/Asuncion"}}, {"model": "auth.timezone", "pk": 293, "fields": {"description": "America/Menominee"}}, {"model": "auth.timezone", "pk": 294, "fields": {"description": "America/St_Thomas"}}, {"model": "auth.timezone", "pk": 295, "fields": {"description": "America/Sao_Paulo"}}, {"model": "auth.timezone", "pk": 296, "fields": {"description": "America/Mendoza"}}, {"model": "auth.timezone", "pk": 297, "fields": {"description": "America/Guadeloupe"}}, {"model": "auth.timezone", "pk": 298, "fields": {"description": "America/Monterrey"}}, {"model": "auth.timezone", "pk": 299, "fields": {"description": "America/North_Dakota/Center"}}, {"model": "auth.timezone", "pk": 300, "fields": {"description": "America/North_Dakota/New_Salem"}}, {"model": "auth.timezone", "pk": 301, "fields": {"description": "America/Araguaina"}}, {"model": "auth.timezone", "pk": 302, "fields": {"description": "America/Port_of_Spain"}}, {"model": "auth.timezone", "pk": 303, "fields": {"description": "America/Shiprock"}}, {"model": "auth.timezone", "pk": 304, "fields": {"description": "America/Anguilla"}}, {"model": "auth.timezone", "pk": 305, "fields": {"description": "America/Dominica"}}, {"model": "auth.timezone", "pk": 306, "fields": {"description": "America/Edmonton"}}, {"model": "auth.timezone", "pk": 307, "fields": {"description": "America/Rio_Branco"}}, {"model": "auth.timezone", "pk": 308, "fields": {"description": "America/Tijuana"}}, {"model": "auth.timezone", "pk": 309, "fields": {"description": "America/Campo_Grande"}}, {"model": "auth.timezone", "pk": 310, "fields": {"description": "America/Montevideo"}}, {"model": "auth.timezone", "pk": 311, "fields": {"description": "America/Santarem"}}, {"model": "auth.timezone", "pk": 312, "fields": {"description": "America/Santiago"}}, {"model": "auth.timezone", "pk": 313, "fields": {"description": "America/Moncton"}}, {"model": "auth.timezone", "pk": 314, "fields": {"description": "America/Resolute"}}, {"model": "auth.timezone", "pk": 315, "fields": {"description": "America/Toronto"}}, {"model": "auth.timezone", "pk": 316, "fields": {"description": "America/Tortola"}}, {"model": "auth.timezone", "pk": 317, "fields": {"description": "America/Los_Angeles"}}, {"model": "auth.timezone", "pk": 318, "fields": {"description": "America/Nipigon"}}, {"model": "auth.timezone", "pk": 319, "fields": {"description": "America/Rainy_River"}}, {"model": "auth.timezone", "pk": 320, "fields": {"description": "America/El_Salvador"}}, {"model": "auth.timezone", "pk": 321, "fields": {"description": "America/Halifax"}}, {"model": "auth.timezone", "pk": 322, "fields": {"description": "America/Santo_Domingo"}}, {"model": "auth.timezone", "pk": 323, "fields": {"description": "America/St_Vincent"}}, {"model": "auth.timezone", "pk": 324, "fields": {"description": "America/Indianapolis"}}, {"model": "auth.timezone", "pk": 325, "fields": {"description": "America/Godthab"}}, {"model": "auth.timezone", "pk": 326, "fields": {"description": "America/Montserrat"}}, {"model": "auth.timezone", "pk": 327, "fields": {"description": "America/Chihuahua"}}, {"model": "auth.timezone", "pk": 328, "fields": {"description": "America/Noronha"}}, {"model": "auth.timezone", "pk": 329, "fields": {"description": "America/Matamoros"}}, {"model": "auth.timezone", "pk": 330, "fields": {"description": "America/Grenada"}}, {"model": "auth.timezone", "pk": 331, "fields": {"description": "Universal"}}, {"model": "auth.timezone", "pk": 332, "fields": {"description": "Europe/San_Marino"}}, {"model": "auth.timezone", "pk": 333, "fields": {"description": "Europe/Kiev"}}, {"model": "auth.timezone", "pk": 334, "fields": {"description": "Europe/Berlin"}}, {"model": "auth.timezone", "pk": 335, "fields": {"description": "Europe/Oslo"}}, {"model": "auth.timezone", "pk": 336, "fields": {"description": "Europe/Riga"}}, {"model": "auth.timezone", "pk": 337, "fields": {"description": "Europe/Rome"}}, {"model": "auth.timezone", "pk": 338, "fields": {"description": "Europe/Athens"}}, {"model": "auth.timezone", "pk": 339, "fields": {"description": "Europe/Luxembourg"}}, {"model": "auth.timezone", "pk": 340, "fields": {"description": "Europe/Dublin"}}, {"model": "auth.timezone", "pk": 341, "fields": {"description": "Europe/Andorra"}}, {"model": "auth.timezone", "pk": 342, "fields": {"description": "Europe/Vilnius"}}, {"model": "auth.timezone", "pk": 343, "fields": {"description": "Europe/Belgrade"}}, {"model": "auth.timezone", "pk": 344, "fields": {"description": "Europe/Belfast"}}, {"model": "auth.timezone", "pk": 345, "fields": {"description": "Europe/Chisinau"}}, {"model": "auth.timezone", "pk": 346, "fields": {"description": "Europe/Malta"}}, {"model": "auth.timezone", "pk": 347, "fields": {"description": "Europe/Minsk"}}, {"model": "auth.timezone", "pk": 348, "fields": {"description": "Europe/Paris"}}, {"model": "auth.timezone", "pk": 349, "fields": {"description": "Europe/Sofia"}}, {"model": "auth.timezone", "pk": 350, "fields": {"description": "Europe/Vaduz"}}, {"model": "auth.timezone", "pk": 351, "fields": {"description": "Europe/Jersey"}}, {"model": "auth.timezone", "pk": 352, "fields": {"description": "Europe/Brussels"}}, {"model": "auth.timezone", "pk": 353, "fields": {"description": "Europe/Lisbon"}}, {"model": "auth.timezone", "pk": 354, "fields": {"description": "Europe/Madrid"}}, {"model": "auth.timezone", "pk": 355, "fields": {"description": "Europe/Bratislava"}}, {"model": "auth.timezone", "pk": 356, "fields": {"description": "Europe/London"}}, {"model": "auth.timezone", "pk": 357, "fields": {"description": "Europe/Kaliningrad"}}, {"model": "auth.timezone", "pk": 358, "fields": {"description": "Europe/Monaco"}}, {"model": "auth.timezone", "pk": 359, "fields": {"description": "Europe/Moscow"}}, {"model": "auth.timezone", "pk": 360, "fields": {"description": "Europe/Prague"}}, {"model": "auth.timezone", "pk": 361, "fields": {"description": "Europe/Stockholm"}}, {"model": "auth.timezone", "pk": 362, "fields": {"description": "Europe/Samara"}}, {"model": "auth.timezone", "pk": 363, "fields": {"description": "Europe/Skopje"}}, {"model": "auth.timezone", "pk": 364, "fields": {"description": "Europe/Tirane"}}, {"model": "auth.timezone", "pk": 365, "fields": {"description": "Europe/Vienna"}}, {"model": "auth.timezone", "pk": 366, "fields": {"description": "Europe/Warsaw"}}, {"model": "auth.timezone", "pk": 367, "fields": {"description": "Europe/Budapest"}}, {"model": "auth.timezone", "pk": 368, "fields": {"description": "Europe/Simferopol"}}, {"model": "auth.timezone", "pk": 369, "fields": {"description": "Europe/Zagreb"}}, {"model": "auth.timezone", "pk": 370, "fields": {"description": "Europe/Guernsey"}}, {"model": "auth.timezone", "pk": 371, "fields": {"description": "Europe/Zurich"}}, {"model": "auth.timezone", "pk": 372, "fields": {"description": "Europe/Bucharest"}}, {"model": "auth.timezone", "pk": 373, "fields": {"description": "Europe/Istanbul"}}, {"model": "auth.timezone", "pk": 374, "fields": {"description": "Europe/Amsterdam"}}, {"model": "auth.timezone", "pk": 375, "fields": {"description": "Europe/Volgograd"}}, {"model": "auth.timezone", "pk": 376, "fields": {"description": "Europe/Copenhagen"}}, {"model": "auth.timezone", "pk": 377, "fields": {"description": "Europe/Uzhgorod"}}, {"model": "auth.timezone", "pk": 378, "fields": {"description": "Europe/Tiraspol"}}, {"model": "auth.timezone", "pk": 379, "fields": {"description": "Europe/Tallinn"}}, {"model": "auth.timezone", "pk": 380, "fields": {"description": "Europe/Helsinki"}}, {"model": "auth.timezone", "pk": 381, "fields": {"description": "Europe/Isle_of_Man"}}, {"model": "auth.timezone", "pk": 382, "fields": {"description": "Europe/Mariehamn"}}, {"model": "auth.timezone", "pk": 383, "fields": {"description": "Europe/Sarajevo"}}, {"model": "auth.timezone", "pk": 384, "fields": {"description": "Europe/Zaporozhye"}}, {"model": "auth.timezone", "pk": 385, "fields": {"description": "Europe/Nicosia"}}, {"model": "auth.timezone", "pk": 386, "fields": {"description": "Europe/Podgorica"}}, {"model": "auth.timezone", "pk": 387, "fields": {"description": "Europe/Gibraltar"}}, {"model": "auth.timezone", "pk": 388, "fields": {"description": "Europe/Ljubljana"}}, {"model": "auth.timezone", "pk": 389, "fields": {"description": "Europe/Vatican"}}, {"model": "auth.timezone", "pk": 390, "fields": {"description": "Pacific/Yap"}}, {"model": "auth.timezone", "pk": 391, "fields": {"description": "Pacific/Apia"}}, {"model": "auth.timezone", "pk": 392, "fields": {"description": "Pacific/Fiji"}}, {"model": "auth.timezone", "pk": 393, "fields": {"description": "Pacific/Guam"}}, {"model": "auth.timezone", "pk": 394, "fields": {"description": "Pacific/Niue"}}, {"model": "auth.timezone", "pk": 395, "fields": {"description": "Pacific/Truk"}}, {"model": "auth.timezone", "pk": 396, "fields": {"description": "Pacific/Wake"}}, {"model": "auth.timezone", "pk": 397, "fields": {"description": "Pacific/Easter"}}, {"model": "auth.timezone", "pk": 398, "fields": {"description": "Pacific/Pago_Pago"}}, {"model": "auth.timezone", "pk": 399, "fields": {"description": "Pacific/Efate"}}, {"model": "auth.timezone", "pk": 400, "fields": {"description": "Pacific/Nauru"}}, {"model": "auth.timezone", "pk": 401, "fields": {"description": "Pacific/Palau"}}, {"model": "auth.timezone", "pk": 402, "fields": {"description": "Pacific/Samoa"}}, {"model": "auth.timezone", "pk": 403, "fields": {"description": "Pacific/Kosrae"}}, {"model": "auth.timezone", "pk": 404, "fields": {"description": "Pacific/Majuro"}}, {"model": "auth.timezone", "pk": 405, "fields": {"description": "Pacific/Midway"}}, {"model": "auth.timezone", "pk": 406, "fields": {"description": "Pacific/Honolulu"}}, {"model": "auth.timezone", "pk": 407, "fields": {"description": "Pacific/Guadalcanal"}}, {"model": "auth.timezone", "pk": 408, "fields": {"description": "Pacific/Noumea"}}, {"model": "auth.timezone", "pk": 409, "fields": {"description": "Pacific/Ponape"}}, {"model": "auth.timezone", "pk": 410, "fields": {"description": "Pacific/Saipan"}}, {"model": "auth.timezone", "pk": 411, "fields": {"description": "Pacific/Pitcairn"}}, {"model": "auth.timezone", "pk": 412, "fields": {"description": "Pacific/Tahiti"}}, {"model": "auth.timezone", "pk": 413, "fields": {"description": "Pacific/Tarawa"}}, {"model": "auth.timezone", "pk": 414, "fields": {"description": "Pacific/Chatham"}}, {"model": "auth.timezone", "pk": 415, "fields": {"description": "Pacific/Johnston"}}, {"model": "auth.timezone", "pk": 416, "fields": {"description": "Pacific/Wallis"}}, {"model": "auth.timezone", "pk": 417, "fields": {"description": "Pacific/Galapagos"}}, {"model": "auth.timezone", "pk": 418, "fields": {"description": "Pacific/Kwajalein"}}, {"model": "auth.timezone", "pk": 419, "fields": {"description": "Pacific/Tongatapu"}}, {"model": "auth.timezone", "pk": 420, "fields": {"description": "Pacific/Fakaofo"}}, {"model": "auth.timezone", "pk": 421, "fields": {"description": "Pacific/Auckland"}}, {"model": "auth.timezone", "pk": 422, "fields": {"description": "Pacific/Gambier"}}, {"model": "auth.timezone", "pk": 423, "fields": {"description": "Pacific/Rarotonga"}}, {"model": "auth.timezone", "pk": 424, "fields": {"description": "Pacific/Funafuti"}}, {"model": "auth.timezone", "pk": 425, "fields": {"description": "Pacific/Port_Moresby"}}, {"model": "auth.timezone", "pk": 426, "fields": {"description": "Pacific/Marquesas"}}, {"model": "auth.timezone", "pk": 427, "fields": {"description": "Pacific/Enderbury"}}, {"model": "auth.timezone", "pk": 428, "fields": {"description": "Pacific/Kiritimati"}}, {"model": "auth.timezone", "pk": 429, "fields": {"description": "Pacific/Norfolk"}}, {"model": "auth.timezone", "pk": 430, "fields": {"description": "Iceland"}}, {"model": "auth.timezone", "pk": 431, "fields": {"description": "Chile/EasterIsland"}}, {"model": "auth.timezone", "pk": 432, "fields": {"description": "Chile/Continental"}}, {"model": "auth.timezone", "pk": 433, "fields": {"description": "GMT+0"}}, {"model": "auth.timezone", "pk": 434, "fields": {"description": "GMT-0"}}, {"model": "auth.timezone", "pk": 435, "fields": {"description": "Egypt"}}, {"model": "auth.timezone", "pk": 436, "fields": {"description": "Japan"}}, {"model": "auth.timezone", "pk": 437, "fields": {"description": "Portugal"}}, {"model": "auth.timezone", "pk": 438, "fields": {"description": "Libya"}}, {"model": "auth.timezone", "pk": 439, "fields": {"description": "Indian/Mahe"}}, {"model": "auth.timezone", "pk": 440, "fields": {"description": "Indian/Chagos"}}, {"model": "auth.timezone", "pk": 441, "fields": {"description": "Indian/Comoro"}}, {"model": "auth.timezone", "pk": 442, "fields": {"description": "Indian/Kerguelen"}}, {"model": "auth.timezone", "pk": 443, "fields": {"description": "Indian/Maldives"}}, {"model": "auth.timezone", "pk": 444, "fields": {"description": "Indian/Cocos"}}, {"model": "auth.timezone", "pk": 445, "fields": {"description": "Indian/Christmas"}}, {"model": "auth.timezone", "pk": 446, "fields": {"description": "Indian/Mauritius"}}, {"model": "auth.timezone", "pk": 447, "fields": {"description": "Indian/Reunion"}}, {"model": "auth.timezone", "pk": 448, "fields": {"description": "Indian/Antananarivo"}}, {"model": "auth.timezone", "pk": 449, "fields": {"description": "Indian/Mayotte"}}, {"model": "auth.timezone", "pk": 450, "fields": {"description": "Israel"}}, {"model": "auth.timezone", "pk": 451, "fields": {"description": "Hongkong"}}, {"model": "auth.timezone", "pk": 452, "fields": {"description": "Mexico/BajaSur"}}, {"model": "auth.timezone", "pk": 453, "fields": {"description": "Mexico/BajaNorte"}}, {"model": "auth.timezone", "pk": 454, "fields": {"description": "Mexico/General"}}, {"model": "auth.timezone", "pk": 455, "fields": {"description": "Navajo"}}, {"model": "auth.timezone", "pk": 456, "fields": {"description": "Poland"}}, {"model": "auth.timezone", "pk": 457, "fields": {"description": "Jamaica"}}, {"model": "auth.timezone", "pk": 458, "fields": {"description": "EST5EDT"}}, {"model": "auth.timezone", "pk": 459, "fields": {"description": "Turkey"}}, {"model": "auth.timezone", "pk": 460, "fields": {"description": "GB-Eire"}}, {"model": "auth.timezone", "pk": 461, "fields": {"description": "Antarctica/Casey"}}, {"model": "auth.timezone", "pk": 462, "fields": {"description": "Antarctica/Davis"}}, {"model": "auth.timezone", "pk": 463, "fields": {"description": "Antarctica/Syowa"}}, {"model": "auth.timezone", "pk": 464, "fields": {"description": "Antarctica/Mawson"}}, {"model": "auth.timezone", "pk": 465, "fields": {"description": "Antarctica/Palmer"}}, {"model": "auth.timezone", "pk": 466, "fields": {"description": "Antarctica/Vostok"}}, {"model": "auth.timezone", "pk": 467, "fields": {"description": "Antarctica/Rothera"}}, {"model": "auth.timezone", "pk": 468, "fields": {"description": "Antarctica/DumontDUrville"}}, {"model": "auth.timezone", "pk": 469, "fields": {"description": "Antarctica/McMurdo"}}, {"model": "auth.timezone", "pk": 470, "fields": {"description": "Antarctica/South_Pole"}}, {"model": "auth.timezone", "pk": 471, "fields": {"description": "Australia/ACT"}}, {"model": "auth.timezone", "pk": 472, "fields": {"description": "Australia/LHI"}}, {"model": "auth.timezone", "pk": 473, "fields": {"description": "Australia/NSW"}}, {"model": "auth.timezone", "pk": 474, "fields": {"description": "Australia/West"}}, {"model": "auth.timezone", "pk": 475, "fields": {"description": "Australia/Darwin"}}, {"model": "auth.timezone", "pk": 476, "fields": {"description": "Australia/Currie"}}, {"model": "auth.timezone", "pk": 477, "fields": {"description": "Australia/Eucla"}}, {"model": "auth.timezone", "pk": 478, "fields": {"description": "Australia/Hobart"}}, {"model": "auth.timezone", "pk": 479, "fields": {"description": "Australia/North"}}, {"model": "auth.timezone", "pk": 480, "fields": {"description": "Australia/Perth"}}, {"model": "auth.timezone", "pk": 481, "fields": {"description": "Australia/South"}}, {"model": "auth.timezone", "pk": 482, "fields": {"description": "Australia/Canberra"}}, {"model": "auth.timezone", "pk": 483, "fields": {"description": "Australia/Melbourne"}}, {"model": "auth.timezone", "pk": 484, "fields": {"description": "Australia/Sydney"}}, {"model": "auth.timezone", "pk": 485, "fields": {"description": "Australia/Adelaide"}}, {"model": "auth.timezone", "pk": 486, "fields": {"description": "Australia/Tasmania"}}, {"model": "auth.timezone", "pk": 487, "fields": {"description": "Australia/Broken_Hill"}}, {"model": "auth.timezone", "pk": 488, "fields": {"description": "Australia/Lord_Howe"}}, {"model": "auth.timezone", "pk": 489, "fields": {"description": "Australia/Yancowinna"}}, {"model": "auth.timezone", "pk": 490, "fields": {"description": "Australia/Victoria"}}, {"model": "auth.timezone", "pk": 491, "fields": {"description": "Australia/Lindeman"}}, {"model": "auth.timezone", "pk": 492, "fields": {"description": "Australia/Queensland"}}, {"model": "auth.timezone", "pk": 493, "fields": {"description": "Australia/Brisbane"}}, {"model": "auth.timezone", "pk": 494, "fields": {"description": "Kwajalein"}}, {"model": "auth.timezone", "pk": 495, "fields": {"description": "MST7MDT"}}, {"model": "auth.timezone", "pk": 496, "fields": {"description": "Singapore"}}, {"model": "auth.timezone", "pk": 497, "fields": {"description": "NZ-CHAT"}}, {"model": "auth.timezone", "pk": 498, "fields": {"description": "Factory"}}, {"model": "auth.timezone", "pk": 499, "fields": {"description": "Atlantic/Canary"}}, {"model": "auth.timezone", "pk": 500, "fields": {"description": "Atlantic/Azores"}}, {"model": "auth.timezone", "pk": 501, "fields": {"description": "Atlantic/Faeroe"}}, {"model": "auth.timezone", "pk": 502, "fields": {"description": "Atlantic/Faroe"}}, {"model": "auth.timezone", "pk": 503, "fields": {"description": "Atlantic/Bermuda"}}, {"model": "auth.timezone", "pk": 504, "fields": {"description": "Atlantic/Reykjavik"}}, {"model": "auth.timezone", "pk": 505, "fields": {"description": "Atlantic/Jan_Mayen"}}, {"model": "auth.timezone", "pk": 506, "fields": {"description": "Atlantic/Cape_Verde"}}, {"model": "auth.timezone", "pk": 507, "fields": {"description": "Atlantic/St_Helena"}}, {"model": "auth.timezone", "pk": 508, "fields": {"description": "Atlantic/Madeira"}}, {"model": "auth.timezone", "pk": 509, "fields": {"description": "Atlantic/Stanley"}}, {"model": "auth.timezone", "pk": 510, "fields": {"description": "Atlantic/South_Georgia"}}, {"model": "auth.timezone", "pk": 511, "fields": {"description": "Greenwich"}}, {"model": "auth.timezone", "pk": 512, "fields": {"description": "Mideast/Riyadh87"}}, {"model": "auth.timezone", "pk": 513, "fields": {"description": "Mideast/Riyadh88"}}, {"model": "auth.timezone", "pk": 514, "fields": {"description": "Mideast/Riyadh89"}}, {"model": "auth.timezone", "pk": 515, "fields": {"description": "PST8PDT"}}, {"model": "auth.timezone", "pk": 516, "fields": {"description": "CST6CDT"}}, {"model": "auth.timezone", "pk": 517, "fields": {"description": "Africa/Bamako"}}, {"model": "auth.timezone", "pk": 518, "fields": {"description": "Africa/Bangui"}}, {"model": "auth.timezone", "pk": 519, "fields": {"description": "Africa/Banjul"}}, {"model": "auth.timezone", "pk": 520, "fields": {"description": "Africa/Lome"}}, {"model": "auth.timezone", "pk": 521, "fields": {"description": "Africa/Asmara"}}, {"model": "auth.timezone", "pk": 522, "fields": {"description": "Africa/Asmera"}}, {"model": "auth.timezone", "pk": 523, "fields": {"description": "Africa/Bissau"}}, {"model": "auth.timezone", "pk": 524, "fields": {"description": "Africa/Algiers"}}, {"model": "auth.timezone", "pk": 525, "fields": {"description": "Africa/Johannesburg"}}, {"model": "auth.timezone", "pk": 526, "fields": {"description": "Africa/Douala"}}, {"model": "auth.timezone", "pk": 527, "fields": {"description": "Africa/Ndjamena"}}, {"model": "auth.timezone", "pk": 528, "fields": {"description": "Africa/Harare"}}, {"model": "auth.timezone", "pk": 529, "fields": {"description": "Africa/Kinshasa"}}, {"model": "auth.timezone", "pk": 530, "fields": {"description": "Africa/Accra"}}, {"model": "auth.timezone", "pk": 531, "fields": {"description": "Africa/Cairo"}}, {"model": "auth.timezone", "pk": 532, "fields": {"description": "Africa/Ceuta"}}, {"model": "auth.timezone", "pk": 533, "fields": {"description": "Africa/Dakar"}}, {"model": "auth.timezone", "pk": 534, "fields": {"description": "Africa/Lagos"}}, {"model": "auth.timezone", "pk": 535, "fields": {"description": "Africa/Tunis"}}, {"model": "auth.timezone", "pk": 536, "fields": {"description": "Africa/Lubumbashi"}}, {"model": "auth.timezone", "pk": 537, "fields": {"description": "Africa/Kigali"}}, {"model": "auth.timezone", "pk": 538, "fields": {"description": "Africa/Malabo"}}, {"model": "auth.timezone", "pk": 539, "fields": {"description": "Africa/Maputo"}}, {"model": "auth.timezone", "pk": 540, "fields": {"description": "Africa/Maseru"}}, {"model": "auth.timezone", "pk": 541, "fields": {"description": "Africa/Porto-Novo"}}, {"model": "auth.timezone", "pk": 542, "fields": {"description": "Africa/Monrovia"}}, {"model": "auth.timezone", "pk": 543, "fields": {"description": "Africa/Luanda"}}, {"model": "auth.timezone", "pk": 544, "fields": {"description": "Africa/Lusaka"}}, {"model": "auth.timezone", "pk": 545, "fields": {"description": "Africa/Niamey"}}, {"model": "auth.timezone", "pk": 546, "fields": {"description": "Africa/Freetown"}}, {"model": "auth.timezone", "pk": 547, "fields": {"description": "Africa/Windhoek"}}, {"model": "auth.timezone", "pk": 548, "fields": {"description": "Africa/Kampala"}}, {"model": "auth.timezone", "pk": 549, "fields": {"description": "Africa/Gaborone"}}, {"model": "auth.timezone", "pk": 550, "fields": {"description": "Africa/Conakry"}}, {"model": "auth.timezone", "pk": 551, "fields": {"description": "Africa/Mogadishu"}}, {"model": "auth.timezone", "pk": 552, "fields": {"description": "Africa/Brazzaville"}}, {"model": "auth.timezone", "pk": 553, "fields": {"description": "Africa/Timbuktu"}}, {"model": "auth.timezone", "pk": 554, "fields": {"description": "Africa/Addis_Ababa"}}, {"model": "auth.timezone", "pk": 555, "fields": {"description": "Africa/Bujumbura"}}, {"model": "auth.timezone", "pk": 556, "fields": {"description": "Africa/Nouakchott"}}, {"model": "auth.timezone", "pk": 557, "fields": {"description": "Africa/Casablanca"}}, {"model": "auth.timezone", "pk": 558, "fields": {"description": "Africa/Mbabane"}}, {"model": "auth.timezone", "pk": 559, "fields": {"description": "Africa/El_Aaiun"}}, {"model": "auth.timezone", "pk": 560, "fields": {"description": "Africa/Libreville"}}, {"model": "auth.timezone", "pk": 561, "fields": {"description": "Africa/Dar_es_Salaam"}}, {"model": "auth.timezone", "pk": 562, "fields": {"description": "Africa/Ouagadougou"}}, {"model": "auth.timezone", "pk": 563, "fields": {"description": "Africa/Khartoum"}}, {"model": "auth.timezone", "pk": 564, "fields": {"description": "Africa/Nairobi"}}, {"model": "auth.timezone", "pk": 565, "fields": {"description": "Africa/Sao_Tome"}}, {"model": "auth.timezone", "pk": 566, "fields": {"description": "Africa/Tripoli"}}, {"model": "auth.timezone", "pk": 567, "fields": {"description": "Africa/Abidjan"}}, {"model": "auth.timezone", "pk": 568, "fields": {"description": "Africa/Djibouti"}}, {"model": "auth.timezone", "pk": 569, "fields": {"description": "Africa/Blantyre"}}, {"model": "auth.emaildomain", "pk": 1, "fields": {"domainname": "robogals.org"}}, {"model": "auth.emaildomain", "pk": 2, "fields": {"domainname": "robogals.org.au"}}, {"model": "auth.emaildomain", "pk": 3, "fields": {"domainname": "robogals.org.uk"}}, {"model": "auth.emaildomain", "pk": 4, "fields": {"domainname": "robogals.eu"}}, {"model": "auth.emaildomain", "pk": 5, "fields": {"domainname": "robogals.org.nz"}}, {"model": "auth.emaildomain", "pk": 6, "fields": {"domainname": "robogals.ie"}}, {"model": "auth.emaildomain", "pk": 7, "fields": {"domainname": "robogals.nl"}}, {"model": "auth.emaildomain", "pk": 8, "fields": {"domainname": "robogals.ch"}}, {"model": "auth.emaildomain", "pk": 9, "fields": {"domainname": "usa.robogals.org"}}, {"model": "auth.group", "pk": 1, "fields": {"smstext": "", "welcome_email_html": false, "goal_start": null, "welcome_email_subject": "Welcome to Robogals!", "faculty_contact": "", "name": "Robogals Global", "ftp_path": "", "ftp_pass": "", "student_number_label": "", "welcome_page": "Congratulations on becoming a member of {chapter.name}, and welcome to the international network of Robogals members - students around the world committed to increasing female participation in engineering!<br>\r\n<br>\r\nYour member account has been created - simply log in using the form to the left.", "faculty_department": "", "short": "Global", "website_url": "http://www.robogals.org/", "student_union_enable": false, "exclude_in_reports": false, "invite_email_subject": "", "photo": "unipics/global-myrobogals.jpg", "faculty_position": "", "address": "PO Box 4435", "display_columns": [26, 4, 15, 10, 6], "facebook_url": "http://www.facebook.com/robogals", "faculty_email": "", "ftp_user": "", "postcode": "3052", "short_en": "Global", "parent": null, "upload_exec_list": false, "student_union_label": "", "ftp_host": "", "join_page": "You can't join Robogals Global directly - please choose one of our chapters instead :)", "welcome_email_enable": false, "country": "AU", "tshirt_enable": false, "faculty_phone": "", "is_joinable": false, "location": "Melbourne, Australia", "mobile_regexes": 1, "sms_limit": 1000, "student_number_required": false, "state": "VIC", "welcome_email_msg": "Dear {user.first_name},\r\n\r\nThankyou for joining {chapter.name}!\r\n\r\nYour username and password for myRobogals can be found below:\r\n\r\nUsername: {user.username}\r\nPassword: {plaintext_password}\r\nLogin at https://my.robogals.org\r\n\r\nRegards,\r\n\r\n{chapter.name}\r\n", "latitude": null, "invite_email_html": false, "tshirt_label": "T-shirt size", "invite_email_msg": "", "student_number_enable": false, "goal": null, "myrobogals_url": "global", "student_union_required": false, "city": "Melbourne University", "status": 0, "timezone": 483, "notify_list": null, "emailtext": "", "creation_date": "2008-07-14", "infobox": "", "name_display": 0, "default_email_domain": [1], "university": null, "longitude": null, "tshirt_required": false, "notify_enable": false}}, {"model": "auth.group", "pk": 2, "fields": {"smstext": "", "welcome_email_html": false, "goal_start": null, "welcome_email_subject": "Welcome to Robogals!", "faculty_contact": "", "name": "Robogals Asia Pacific", "ftp_path": "", "ftp_pass": "", "student_number_label": "", "welcome_page": "Congratulations on becoming a member of {chapter.name}, and welcome to the international network of Robogals members - students around the world committed to increasing female participation in engineering!<br>\r\n<br>\r\nYour member account has been created - simply log in using the form to the left.", "faculty_department": "", "short": "Asia Pacific", "website_url": "http://www.robogals.org.au/", "student_union_enable": false, "exclude_in_reports": false, "invite_email_subject": "", "photo": "", "faculty_position": "", "address": "PO Box 4435", "display_columns": [26, 4, 15, 6], "facebook_url": "", "faculty_email": "", "ftp_user": "", "postcode": "3052", "short_en": "Asia Pacific", "parent": 1, "upload_exec_list": false, "student_union_label": "", "ftp_host": "", "join_page": "", "welcome_email_enable": false, "country": "AU", "tshirt_enable": false, "faculty_phone": "", "is_joinable": false, "location": "Melbourne, Australia", "mobile_regexes": 1, "sms_limit": 1000, "student_number_required": false, "state": "VIC", "welcome_email_msg": "Dear {user.first_name},\r\n\r\nThankyou for joining {chapter.name}!\r\n\r\nYour username and password for myRobogals can be found below:\r\n\r\nUsername: {user.username}\r\nPassword: {plaintext_password}\r\nLogin at https://my.robogals.org\r\n\r\nRegards,\r\n\r\n{chapter.name}\r\n", "latitude": null, "invite_email_html": false, "tshirt_label": "", "invite_email_msg": "", "student_number_enable": false, "goal": 0, "myrobogals_url": "asiapac", "student_union_required": false, "city": "Melbourne University", "status": 0, "timezone": 483, "notify_list": null, "emailtext": "", "creation_date": "2010-09-10", "infobox": "", "name_display": 0, "default_email_domain": [2, 5], "university": null, "longitude": null, "tshirt_required": false, "notify_enable": false}}, {"model": "auth.group", "pk": 3, "fields": {"smstext": "", "welcome_email_html": false, "goal_start": "2011-09-26", "welcome_email_subject": "Welcome to Robogals!", "faculty_contact": "Professor Jamie Evans", "name": "Robogals Melbourne", "ftp_path": "", "ftp_pass": "", "student_number_label": "Student number", "welcome_page": "Congratulations on becoming a member of {chapter.name}, and welcome to the international network of Robogals members - students around the world committed to increasing female participation in engineering!<br>\r\n<br>\r\nYour member account has been created - simply log in using the form to the left.", "faculty_department": "Melbourne School of Engineering", "short": "Melbourne", "website_url": "http://melbourne.robogals.org.au/", "student_union_enable": true, "exclude_in_reports": false, "invite_email_subject": "", "photo": "unipics/melbourne_.jpg", "faculty_position": "Associate Dean (Academic)", "address": "PO Box 4435", "display_columns": [26, 4, 15, 29], "facebook_url": "http://www.facebook.com/pages/Robogals-Melbourne/194015920671150", "faculty_email": "jse@unimelb.edu.au", "ftp_user": "", "postcode": "3052", "short_en": "Melbourne", "parent": 2, "upload_exec_list": true, "student_union_label": "Student union member", "ftp_host": "", "join_page": "", "welcome_email_enable": true, "country": "AU", "tshirt_enable": false, "faculty_phone": "+61 3 8344 7687", "is_joinable": true, "location": "Melbourne, Australia", "mobile_regexes": 1, "sms_limit": 1000, "student_number_required": false, "state": "VIC", "welcome_email_msg": "Dear {user.first_name},\r\n\r\nThankyou for joining {chapter.name}!\r\n\r\nYour username and password for myRobogals can be found below:\r\n\r\nUsername: {user.username}\r\nPassword: {plaintext_password}\r\nLogin at https://my.robogals.org\r\n\r\nRegards,\r\n\r\n{chapter.name}\r\n", "latitude": null, "invite_email_html": false, "tshirt_label": "", "invite_email_msg": "", "student_number_enable": true, "goal": 500, "myrobogals_url": "melbourne", "student_union_required": false, "city": "Melbourne University", "status": 0, "timezone": 483, "notify_list": null, "emailtext": "", "creation_date": "2008-07-14", "infobox": "It all started here! :)", "name_display": 0, "default_email_domain": [2], "university": 1, "longitude": null, "tshirt_required": false, "notify_enable": false}}, {"model": "auth.group", "pk": 4, "fields": {"smstext": "", "welcome_email_html": false, "goal_start": null, "welcome_email_subject": "Welcome to Robogals!", "faculty_contact": "", "name": "Robogals UNSW", "ftp_path": "", "ftp_pass": "", "student_number_label": "Student number", "welcome_page": "Congratulations on becoming a member of {chapter.name}, and welcome to the international network of Robogals members - students around the world committed to increasing female participation in engineering!<br>\r\n<br>\r\nYour member account has been created - simply log in using the form to the left.", "faculty_department": "", "short": "Sydney", "website_url": "http://sydney.robogals.org.au/", "student_union_enable": true, "exclude_in_reports": false, "invite_email_subject": "", "photo": "unipics/unsw.jpg", "faculty_position": "", "address": "c/- Brenda Ford\r\nSchool of Computer Science & Engineering", "display_columns": [26, 4, 25, 9, 21], "facebook_url": "http://www.facebook.com/group.php?gid=144979354405", "faculty_email": "", "ftp_user": "", "postcode": "2052", "short_en": "Sydney", "parent": 2, "upload_exec_list": true, "student_union_label": "Arc member", "ftp_host": "", "join_page": "", "welcome_email_enable": true, "country": "AU", "tshirt_enable": true, "faculty_phone": "", "is_joinable": true, "location": "Sydney, Australia", "mobile_regexes": 1, "sms_limit": 1000, "student_number_required": true, "state": "NSW", "welcome_email_msg": "Dear {user.first_name},\r\n\r\nThankyou for joining {chapter.name}!\r\n\r\nYour username and password for myRobogals can be found below:\r\n\r\nUsername: {user.username}\r\nPassword: {plaintext_password}\r\nLogin at https://my.robogals.org\r\n\r\nRegards,\r\n\r\n{chapter.name}\r\n", "latitude": null, "invite_email_html": false, "tshirt_label": "T-shirt size", "invite_email_msg": "", "student_number_enable": true, "goal": 0, "myrobogals_url": "sydney", "student_union_required": false, "city": "UNSW Sydney", "status": 0, "timezone": 484, "notify_list": null, "emailtext": "", "creation_date": "2009-10-01", "infobox": "", "name_display": 0, "default_email_domain": [2], "university": 3, "longitude": null, "tshirt_required": true, "notify_enable": false}}, {"model": "auth.group", "pk": 8, "fields": {"smstext": "", "welcome_email_html": false, "goal_start": null, "welcome_email_subject": "Welcome to Robogals!", "faculty_contact": "", "name": "Robogals UK & Europe", "ftp_path": "", "ftp_pass": "", "student_number_label": "", "welcome_page": "Congratulations on becoming a member of {chapter.name}, and welcome to the international network of Robogals members - students around the world committed to increasing female participation in engineering!<br>\r\n<br>\r\nYour member account has been created - simply log in using the form to the left.", "faculty_department": "", "short": "UK & Europe", "website_url": "http://www.robogals.org.uk/", "student_union_enable": false, "exclude_in_reports": false, "invite_email_subject": "", "photo": "unipics/eu-myrobogals.jpg", "faculty_position": "", "address": "", "display_columns": [26, 4, 15], "facebook_url": "", "faculty_email": "", "ftp_user": "", "postcode": "", "short_en": "UK & Europe", "parent": 1, "upload_exec_list": false, "student_union_label": "", "ftp_host": "", "join_page": "", "welcome_email_enable": true, "country": "GB", "tshirt_enable": false, "faculty_phone": "", "is_joinable": false, "location": "London, UK", "mobile_regexes": 3, "sms_limit": 1000, "student_number_required": false, "state": "", "welcome_email_msg": "Dear {user.first_name},\r\n\r\nThankyou for joining {chapter.name}!\r\n\r\nYour username and password for myRobogals can be found below:\r\n\r\nUsername: {user.username}\r\nPassword: {plaintext_password}\r\nLogin at https://my.robogals.org\r\n\r\nRegards,\r\n\r\n{chapter.name}\r\n", "latitude": null, "invite_email_html": false, "tshirt_label": "", "invite_email_msg": "", "student_number_enable": false, "goal": 0, "myrobogals_url": "eu", "student_union_required": false, "city": "", "status": 0, "timezone": 356, "notify_list": null, "emailtext": "", "creation_date": "2011-02-11", "infobox": "", "name_display": 0, "default_email_domain": [8, 4, 6, 7, 3], "university": null, "longitude": null, "tshirt_required": false, "notify_enable": false}}, {"model": "auth.group", "pk": 9, "fields": {"smstext": "", "welcome_email_html": false, "goal_start": null, "welcome_email_subject": "Welcome to Robogals!", "faculty_contact": "", "name": "Robogals London", "ftp_path": "", "ftp_pass": "", "student_number_label": "", "welcome_page": "Congratulations on becoming a member of {chapter.name}, and welcome to the international network of Robogals members - students around the world committed to increasing female participation in engineering!<br>\r\n<br>\r\nYour member account has been created - simply log in using the form to the left.", "faculty_department": "", "short": "London", "website_url": "http://london.robogals.org.uk/", "student_union_enable": false, "exclude_in_reports": false, "invite_email_subject": "", "photo": "unipics/imperial.jpg", "faculty_position": "", "address": "", "display_columns": [26, 4, 15, 29], "facebook_url": "", "faculty_email": "", "ftp_user": "", "postcode": "", "short_en": "London", "parent": 8, "upload_exec_list": true, "student_union_label": "", "ftp_host": "", "join_page": "", "welcome_email_enable": true, "country": "GB", "tshirt_enable": false, "faculty_phone": "", "is_joinable": true, "location": "London, UK", "mobile_regexes": 3, "sms_limit": 1000, "student_number_required": false, "state": "", "welcome_email_msg": "Dear {user.first_name},\r\n\r\nThankyou for joining {chapter.name}!\r\n\r\nYour username and password for myRobogals can be found below:\r\n\r\nUsername: {user.username}\r\nPassword: {plaintext_password}\r\nLogin at https://my.robogals.org\r\n\r\nRegards,\r\n\r\n{chapter.name}\r\n", "latitude": null, "invite_email_html": false, "tshirt_label": "", "invite_email_msg": "", "student_number_enable": false, "goal": 0, "myrobogals_url": "london", "student_union_required": false, "city": "", "status": 0, "timezone": 356, "notify_list": null, "emailtext": "", "creation_date": "2009-02-15", "infobox": "", "name_display": 0, "default_email_domain": [3], "university": 2, "longitude": null, "tshirt_required": false, "notify_enable": false}}, {"model": "auth.group", "pk": 14, "fields": {"smstext": "", "welcome_email_html": false, "goal_start": null, "welcome_email_subject": "Welcome to Robogals!", "faculty_contact": "Emma Lewis", "name": "Robogals Manchester", "ftp_path": "", "ftp_pass": "", "student_number_label": "", "welcome_page": "Congratulations on becoming a member of {chapter.name}, and welcome to the international network of Robogals members - students around the world committed to increasing female participation in engineering!<br>\r\n<br>\r\nYour member account has been created - simply log in using the form to the left.", "faculty_department": "Widening Participation Office", "short": "Manchester", "website_url": "http://manchester.robogals.org.uk/", "student_union_enable": false, "exclude_in_reports": false, "invite_email_subject": "", "photo": "unipics/manchester.jpg", "faculty_position": "Undergraduate enrichment and outreach", "address": "", "display_columns": [26, 15, 9, 29, 28], "facebook_url": "", "faculty_email": "emma.lewis@manchester.ac.uk", "ftp_user": "", "postcode": "", "short_en": "Manchester", "parent": 8, "upload_exec_list": true, "student_union_label": "", "ftp_host": "", "join_page": "", "welcome_email_enable": true, "country": "GB", "tshirt_enable": false, "faculty_phone": "", "is_joinable": true, "location": "Manchester, UK", "mobile_regexes": 3, "sms_limit": 1000, "student_number_required": false, "state": "", "welcome_email_msg": "Dear {user.first_name},\r\n\r\nThankyou for joining {chapter.name}!\r\n\r\nYour username and password for myRobogals can be found below:\r\n\r\nUsername: {user.username}\r\nPassword: {plaintext_password}\r\nLogin at https://my.robogals.org\r\n\r\n\r\n\r\n\r\nRegards,\r\n\r\n{chapter.name}\r\n\r\n\r\nTo unsubscribe from our mailing list, email eejane@robogals.org.uk", "latitude": null, "invite_email_html": false, "tshirt_label": "", "invite_email_msg": "", "student_number_enable": false, "goal": 0, "myrobogals_url": "manchester", "student_union_required": false, "city": "", "status": 0, "timezone": 356, "notify_list": null, "emailtext": "", "creation_date": "2010-04-25", "infobox": "Having spent last term helping schools with the FLL tournament held on campus in December we then took a bit of time off from teaching to organise the UK SINE. \r\n\r\nAt the time of writing were rebuilding our exec and getting some ideas together for a fantastic year.\r\n\r\n - Feb 2011", "name_display": 0, "default_email_domain": [3], "university": 11, "longitude": null, "tshirt_required": false, "notify_enable": false}}, {"model": "auth.group", "pk": 20, "fields": {"smstext": "", "welcome_email_html": false, "goal_start": null, "welcome_email_subject": "Welcome to Robogals!", "faculty_contact": "", "name": "Robogals Rural & Regional", "ftp_path": "", "ftp_pass": "", "student_number_label": "", "welcome_page": "Thanks for joining the Robogals Rural and Regional programme, and welcome to the international network of Robogals members - students around the world committed to increasing female participation in engineering!<br>\r\n<br>\r\nYour member account has been created - simply log in using the form to the left.", "faculty_department": "", "short": "Robogals Rural & Regional", "website_url": "http://www.robogals.org.au/about/rrr", "student_union_enable": false, "exclude_in_reports": false, "invite_email_subject": "", "photo": "unipics/rrr.jpg", "faculty_position": "", "address": "PO Box 4435", "display_columns": [26, 4, 15, 14], "facebook_url": "", "faculty_email": "", "ftp_user": "", "postcode": "3052", "short_en": "Robogals Rural & Regional", "parent": 24, "upload_exec_list": false, "student_union_label": "", "ftp_host": "", "join_page": "", "welcome_email_enable": true, "country": "AU", "tshirt_enable": false, "faculty_phone": "", "is_joinable": true, "location": "Australia-wide", "mobile_regexes": 1, "sms_limit": 1000, "student_number_required": false, "state": "VIC", "welcome_email_msg": "Dear {user.first_name},\r\n\r\nThankyou for joining {chapter.name}!\r\n\r\nYour username and password for myRobogals can be found below:\r\n\r\nUsername: {user.username}\r\nPassword: {plaintext_password}\r\nLogin at https://my.robogals.org\r\n\r\nRegards,\r\n\r\n{chapter.name}\r\n", "latitude": null, "invite_email_html": false, "tshirt_label": "T-shirt size", "invite_email_msg": "", "student_number_enable": false, "goal": 0, "myrobogals_url": "rrr", "student_union_required": false, "city": "Melbourne University", "status": 0, "timezone": 483, "notify_list": null, "emailtext": "", "creation_date": "2011-03-19", "infobox": "", "name_display": 0, "default_email_domain": [1], "university": null, "longitude": null, "tshirt_required": false, "notify_enable": false}}, {"model": "auth.group", "pk": 21, "fields": {"smstext": "", "welcome_email_html": false, "goal_start": null, "welcome_email_subject": "", "faculty_contact": "", "name": "Robogals North America", "ftp_path": "", "ftp_pass": "", "student_number_label": "", "welcome_page": "", "faculty_department": "", "short": "North America", "website_url": "", "student_union_enable": false, "exclude_in_reports": false, "invite_email_subject": "", "photo": "unipics/usacanada.jpg", "faculty_position": "", "address": "", "display_columns": [26, 4, 15], "facebook_url": "", "faculty_email": "", "ftp_user": "", "postcode": "", "short_en": "North America", "parent": 1, "upload_exec_list": false, "student_union_label": "", "ftp_host": "", "join_page": "", "welcome_email_enable": false, "country": "US", "tshirt_enable": false, "faculty_phone": "", "is_joinable": false, "location": "Pasadena, California, USA", "mobile_regexes": 7, "sms_limit": 0, "student_number_required": false, "state": "", "welcome_email_msg": "", "latitude": null, "invite_email_html": false, "tshirt_label": "", "invite_email_msg": "", "student_number_enable": false, "goal": 0, "myrobogals_url": "na", "student_union_required": false, "city": "", "status": 0, "timezone": 317, "notify_list": null, "emailtext": "", "creation_date": "2012-02-25", "infobox": "", "name_display": 0, "default_email_domain": [9], "university": null, "longitude": null, "tshirt_required": false, "notify_enable": false}}, {"model": "auth.group", "pk": 22, "fields": {"smstext": "", "welcome_email_html": false, "goal_start": null, "welcome_email_subject": "Welcome to Robogals!", "faculty_contact": "", "name": "Robogals Caltech", "ftp_path": "", "ftp_pass": "", "student_number_label": "", "welcome_page": "Congratulations on becoming a member of {chapter.name}, and welcome to the international network of Robogals members - students around the world committed to increasing female participation in engineering!<br>\r\n<br>\r\nYour member account has been created - simply log in using the form to the left.", "faculty_department": "", "short": "Pasadena", "website_url": "", "student_union_enable": false, "exclude_in_reports": false, "invite_email_subject": "", "photo": "unipics/caltech.jpg", "faculty_position": "", "address": "", "display_columns": [26, 4, 15, 29], "facebook_url": "", "faculty_email": "", "ftp_user": "", "postcode": "", "short_en": "Pasadena", "parent": 21, "upload_exec_list": false, "student_union_label": "", "ftp_host": "", "join_page": "", "welcome_email_enable": true, "country": "US", "tshirt_enable": false, "faculty_phone": "", "is_joinable": false, "location": "Pasadena, California, USA", "mobile_regexes": 7, "sms_limit": 1000, "student_number_required": false, "state": "", "welcome_email_msg": "Dear {user.first_name},\r\n\r\nThankyou for joining {chapter.name}!\r\n\r\nYour username and password for myRobogals can be found below:\r\n\r\nUsername: {user.username}\r\nPassword: {plaintext_password}\r\nLogin at https://my.robogals.org\r\n\r\nRegards,\r\n\r\n{chapter.name}\r\n", "latitude": null, "invite_email_html": false, "tshirt_label": "", "invite_email_msg": "", "student_number_enable": false, "goal": 0, "myrobogals_url": "pasadena", "student_union_required": false, "city": "", "status": 0, "timezone": 317, "notify_list": null, "emailtext": "", "creation_date": "2012-02-25", "infobox": "", "name_display": 0, "default_email_domain": [9], "university": 58, "longitude": null, "tshirt_required": false, "notify_enable": false}}, {"model": "auth.group", "pk": 24, "fields": {"smstext": "", "welcome_email_html": false, "goal_start": null, "welcome_email_subject": "", "faculty_contact": "", "name": "Special Projects", "ftp_path": "", "ftp_pass": "", "student_number_label": "", "welcome_page": "", "faculty_department": "", "short": "Special Projects", "website_url": "", "student_union_enable": false, "exclude_in_reports": false, "invite_email_subject": "", "photo": "", "faculty_position": "", "address": "", "display_columns": [26, 4, 15], "facebook_url": "", "faculty_email": "", "ftp_user": "", "postcode": "", "short_en": "Special Projects", "parent": 1, "upload_exec_list": false, "student_union_label": "", "ftp_host": "", "join_page": "", "welcome_email_enable": false, "country": "AU", "tshirt_enable": false, "faculty_phone": "", "is_joinable": false, "location": "Melbourne, Australia", "mobile_regexes": 1, "sms_limit": 0, "student_number_required": false, "state": "", "welcome_email_msg": "", "latitude": null, "invite_email_html": false, "tshirt_label": "", "invite_email_msg": "", "student_number_enable": false, "goal": 0, "myrobogals_url": "special", "student_union_required": false, "city": "", "status": 2, "timezone": 483, "notify_list": null, "emailtext": "", "creation_date": "2011-03-19", "infobox": "The \"chapters\" in this virtual region are each special projects that don't fall within the traditional chapter structure.", "name_display": 0, "default_email_domain": [1], "university": null, "longitude": null, "tshirt_required": false, "notify_enable": false}}, {"model": "auth.group", "pk": 26, "fields": {"smstext": "", "welcome_email_html": false, "goal_start": null, "welcome_email_subject": "Welcome to Robogals!", "faculty_contact": "", "name": "Robogals Tokyo", "ftp_path": "", "ftp_pass": "", "student_number_label": "", "welcome_page": "Congratulations on becoming a member of {chapter.name}, and welcome to the international network of Robogals members - students around the world committed to increasing female participation in engineering!<br>\r\n<br>\r\nYour member account has been created - simply log in using the form to the left.", "faculty_department": "", "short": "Tokyo", "website_url": "", "student_union_enable": false, "exclude_in_reports": false, "invite_email_subject": "", "photo": "", "faculty_position": "", "address": "", "display_columns": [26, 4, 15], "facebook_url": "", "faculty_email": "", "ftp_user": "", "postcode": "", "short_en": "Tokyo", "parent": 2, "upload_exec_list": false, "student_union_label": "", "ftp_host": "", "join_page": "", "welcome_email_enable": true, "country": "JP", "tshirt_enable": false, "faculty_phone": "", "is_joinable": true, "location": "Tokyo, Japan", "mobile_regexes": 8, "sms_limit": 0, "student_number_required": false, "state": "", "welcome_email_msg": "Dear {user.first_name},\r\n\r\nThankyou for joining {chapter.name}!\r\n\r\nYour username and password for myRobogals can be found below:\r\n\r\nUsername: {user.username}\r\nPassword: {plaintext_password}\r\nLogin at https://my.robogals.org\r\n\r\nRegards,\r\n\r\n{chapter.name}\r\n", "latitude": null, "invite_email_html": false, "tshirt_label": "", "invite_email_msg": "", "student_number_enable": false, "goal": 0, "myrobogals_url": "tokyo", "student_union_required": false, "city": "", "status": 0, "timezone": 93, "notify_list": null, "emailtext": "", "creation_date": "2011-10-01", "infobox": "", "name_display": 0, "default_email_domain": [1], "university": 60, "longitude": null, "tshirt_required": false, "notify_enable": false}}, {"model": "auth.group", "pk": 31, "fields": {"smstext": "", "welcome_email_html": false, "goal_start": null, "welcome_email_subject": "Welcome to Robogals!", "faculty_contact": "", "name": "Robogals Columbia", "ftp_path": "", "ftp_pass": "", "student_number_label": "", "welcome_page": "Congratulations on becoming a member of {chapter.name}, and welcome to the international network of Robogals members - students around the world committed to increasing female participation in engineering!<br>\r\n<br>\r\nYour member account has been created - simply log in using the form to the left.", "faculty_department": "", "short": "New York", "website_url": "", "student_union_enable": false, "exclude_in_reports": false, "invite_email_subject": "", "photo": "unipics/columbia.jpg", "faculty_position": "", "address": "", "display_columns": [26, 4, 15], "facebook_url": "", "faculty_email": "", "ftp_user": "", "postcode": "", "short_en": "New York", "parent": 21, "upload_exec_list": false, "student_union_label": "", "ftp_host": "", "join_page": "", "welcome_email_enable": true, "country": "US", "tshirt_enable": false, "faculty_phone": "", "is_joinable": true, "location": "New York, New York, USA", "mobile_regexes": 7, "sms_limit": 1000, "student_number_required": false, "state": "", "welcome_email_msg": "Dear {user.first_name},\r\n\r\nThankyou for joining {chapter.name}!\r\n\r\nYour username and password for myRobogals can be found below:\r\n\r\nUsername: {user.username}\r\nPassword: {plaintext_password}\r\nLogin at https://my.robogals.org\r\n\r\nRegards,\r\n\r\n{chapter.name}\r\n", "latitude": null, "invite_email_html": false, "tshirt_label": "", "invite_email_msg": "", "student_number_enable": false, "goal": 0, "myrobogals_url": "ny", "student_union_required": false, "city": "", "status": 0, "timezone": 251, "notify_list": null, "emailtext": "", "creation_date": "2012-02-25", "infobox": "", "name_display": 0, "default_email_domain": [9], "university": 63, "longitude": null, "tshirt_required": false, "notify_enable": false}}, {"model": "auth.memberstatustype", "pk": 1, "fields": {"description": "Student", "chapter": null, "type_of_person": 1}}, {"model": "auth.memberstatustype", "pk": 2, "fields": {"description": "Alumni", "chapter": null, "type_of_person": 2}}, {"model": "auth.memberstatustype", "pk": 3, "fields": {"description": "Industry", "chapter": null, "type_of_person": 2}}, {"model": "auth.memberstatustype", "pk": 4, "fields": {"description": "Life Member", "chapter": null, "type_of_person": 0}}, {"model": "auth.memberstatustype", "pk": 5, "fields": {"description": "Other", "chapter": null, "type_of_person": 0}}, {"model": "auth.memberstatustype", "pk": 8, "fields": {"description": "Newsletter subscriber", "chapter": null, "type_of_person": 0}}, {"model": "contenttypes.contenttype", "pk": 1, "fields": {"model": "permission", "app_label": "auth"}}, {"model": "contenttypes.contenttype", "pk": 2, "fields": {"model": "timezone", "app_label": "auth"}}, {"model": "contenttypes.contenttype", "pk": 3, "fields": {"model": "emaildomain", "app_label": "auth"}}, {"model": "contenttypes.contenttype", "pk": 4, "fields": {"model": "group", "app_label": "auth"}}, {"model": "contenttypes.contenttype", "pk": 5, "fields": {"model": "memberstatustype", "app_label": "auth"}}, {"model": "contenttypes.contenttype", "pk": 6, "fields": {"model": "memberstatus", "app_label": "auth"}}, {"model": "contenttypes.contenttype", "pk": 7, "fields": {"model": "user", "app_label": "auth"}}, {"model": "contenttypes.contenttype", "pk": 8, "fields": {"model": "logentry", "app_label": "admin"}}, {"model": "contenttypes.contenttype", "pk": 9, "fields": {"model": "contenttype", "app_label": "contenttypes"}}, {"model": "contenttypes.contenttype", "pk": 10, "fields": {"model": "session", "app_label": "sessions"}}, {"model": "contenttypes.contenttype", "pk": 11, "fields": {"model": "university", "app_label": "rgmain"}}, {"model": "contenttypes.contenttype", "pk": 12, "fields": {"model": "country", "app_label": "rgmain"}}, {"model": "contenttypes.contenttype", "pk": 13, "fields": {"model": "subdivision", "app_label": "rgmain"}}, {"model": "contenttypes.contenttype", "pk": 14, "fields": {"model": "mobileregexcollection", "app_label": "rgmain"}}, {"model": "contenttypes.contenttype", "pk": 15, "fields": {"model": "mobileregex", "app_label": "rgmain"}}, {"model": "contenttypes.contenttype", "pk": 16, "fields": {"model": "positiontype", "app_label": "rgprofile"}}, {"model": "contenttypes.contenttype", "pk": 17, "fields": {"model": "position", "app_label": "rgprofile"}}, {"model": "contenttypes.contenttype", "pk": 18, "fields": {"model": "userlist", "app_label": "rgprofile"}}, {"model": "contenttypes.contenttype", "pk": 19, "fields": {"model": "displaycolumn", "app_label": "rgchapter"}}, {"model": "contenttypes.contenttype", "pk": 20, "fields": {"model": "shirtsize", "app_label": "rgchapter"}}, {"model": "contenttypes.contenttype", "pk": 21, "fields": {"model": "award", "app_label": "rgchapter"}}, {"model": "contenttypes.contenttype", "pk": 22, "fields": {"model": "awardrecipient", "app_label": "rgchapter"}}, {"model": "contenttypes.contenttype", "pk": 23, "fields": {"model": "school", "app_label": "rgteaching"}}, {"model": "contenttypes.contenttype", "pk": 24, "fields": {"model": "directoryschool", "app_label": "rgteaching"}}, {"model": "contenttypes.contenttype", "pk": 25, "fields": {"model": "starschooldirectory", "app_label": "rgteaching"}}, {"model": "contenttypes.contenttype", "pk": 26, "fields": {"model": "event", "app_label": "rgteaching"}}, {"model": "contenttypes.contenttype", "pk": 27, "fields": {"model": "schoolvisit", "app_label": "rgteaching"}}, {"model": "contenttypes.contenttype", "pk": 28, "fields": {"model": "eventmessage", "app_label": "rgteaching"}}, {"model": "contenttypes.contenttype", "pk": 29, "fields": {"model": "trainingsession", "app_label": "rgteaching"}}, {"model": "contenttypes.contenttype", "pk": 30, "fields": {"model": "eventattendee", "app_label": "rgteaching"}}, {"model": "contenttypes.contenttype", "pk": 31, "fields": {"model": "schoolvisitstats", "app_label": "rgteaching"}}, {"model": "contenttypes.contenttype", "pk": 32, "fields": {"model": "messagessettings", "app_label": "rgmessages"}}, {"model": "contenttypes.contenttype", "pk": 33, "fields": {"model": "emailfile", "app_label": "rgmessages"}}, {"model": "contenttypes.contenttype", "pk": 34, "fields": {"model": "emailheader", "app_label": "rgmessages"}}, {"model": "contenttypes.contenttype", "pk": 35, "fields": {"model": "emailmessage", "app_label": "rgmessages"}}, {"model": "contenttypes.contenttype", "pk": 36, "fields": {"model": "emailrecipient", "app_label": "rgmessages"}}, {"model": "contenttypes.contenttype", "pk": 37, "fields": {"model": "smsmessage", "app_label": "rgmessages"}}, {"model": "contenttypes.contenttype", "pk": 38, "fields": {"model": "smsrecipient", "app_label": "rgmessages"}}, {"model": "contenttypes.contenttype", "pk": 39, "fields": {"model": "newsletter", "app_label": "rgmessages"}}, {"model": "contenttypes.contenttype", "pk": 40, "fields": {"model": "subscribertype", "app_label": "rgmessages"}}, {"model": "contenttypes.contenttype", "pk": 41, "fields": {"model": "newslettersubscriber", "app_label": "rgmessages"}}, {"model": "contenttypes.contenttype", "pk": 42, "fields": {"model": "pendingnewslettersubscriber", "app_label": "rgmessages"}}, {"model": "contenttypes.contenttype", "pk": 43, "fields": {"model": "website", "app_label": "rgweb"}}, {"model": "contenttypes.contenttype", "pk": 44, "fields": {"model": "category", "app_label": "rgforums"}}, {"model": "contenttypes.contenttype", "pk": 45, "fields": {"model": "forum", "app_label": "rgforums"}}, {"model": "contenttypes.contenttype", "pk": 46, "fields": {"model": "topic", "app_label": "rgforums"}}, {"model": "contenttypes.contenttype", "pk": 47, "fields": {"model": "postfile", "app_label": "rgforums"}}, {"model": "contenttypes.contenttype", "pk": 48, "fields": {"model": "post", "app_label": "rgforums"}}, {"model": "contenttypes.contenttype", "pk": 49, "fields": {"model": "vote", "app_label": "rgforums"}}, {"model": "contenttypes.contenttype", "pk": 50, "fields": {"model": "offense", "app_label": "rgforums"}}, {"model": "contenttypes.contenttype", "pk": 51, "fields": {"model": "forumsettings", "app_label": "rgforums"}}, {"model": "contenttypes.contenttype", "pk": 52, "fields": {"model": "conference", "app_label": "rgconf"}}, {"model": "contenttypes.contenttype", "pk": 53, "fields": {"model": "conferencecurrency", "app_label": "rgconf"}}, {"model": "contenttypes.contenttype", "pk": 54, "fields": {"model": "conferencepart", "app_label": "rgconf"}}, {"model": "contenttypes.contenttype", "pk": 55, "fields": {"model": "conferenceattendee", "app_label": "rgconf"}}, {"model": "contenttypes.contenttype", "pk": 56, "fields": {"model": "conferencepayment", "app_label": "rgconf"}}, {"model": "rgmain.university", "pk": 1, "fields": {"name": "University of Melbourne"}}, {"model": "rgmain.university", "pk": 2, "fields": {"name": "Imperial College London"}}, {"model": "rgmain.university", "pk": 3, "fields": {"name": "University of New South Wales"}}, {"model": "rgmain.university", "pk": 4, "fields": {"name": "University of Queensland"}}, {"model": "rgmain.university", "pk": 5, "fields": {"name": "University of Adelaide"}}, {"model": "rgmain.university", "pk": 6, "fields": {"name": "University of Western Australia"}}, {"model": "rgmain.university", "pk": 7, "fields": {"name": "RMIT University"}}, {"model": "rgmain.university", "pk": 8, "fields": {"name": "Monash University"}}, {"model": "rgmain.university", "pk": 9, "fields": {"name": "University of Oxford"}}, {"model": "rgmain.university", "pk": 10, "fields": {"name": "Trinity College Dublin"}}, {"model": "rgmain.university", "pk": 11, "fields": {"name": "University of Manchester"}}, {"model": "rgmain.university", "pk": 12, "fields": {"name": "University of Sydney"}}, {"model": "rgmain.university", "pk": 13, "fields": {"name": "Australian Defence Force Academy"}}, {"model": "rgmain.university", "pk": 14, "fields": {"name": "Australian National University"}}, {"model": "rgmain.university", "pk": 15, "fields": {"name": "University of Canberra"}}, {"model": "rgmain.university", "pk": 16, "fields": {"name": "Charles Sturt University"}}, {"model": "rgmain.university", "pk": 17, "fields": {"name": "Macquarie University"}}, {"model": "rgmain.university", "pk": 18, "fields": {"name": "Southern Cross University"}}, {"model": "rgmain.university", "pk": 19, "fields": {"name": "University of New England"}}, {"model": "rgmain.university", "pk": 20, "fields": {"name": "University of Newcastle"}}, {"model": "rgmain.university", "pk": 21, "fields": {"name": "University of Technology Sydney"}}, {"model": "rgmain.university", "pk": 22, "fields": {"name": "University of Western Sydney"}}, {"model": "rgmain.university", "pk": 23, "fields": {"name": "University of Wollongong"}}, {"model": "rgmain.university", "pk": 24, "fields": {"name": "Deakin University"}}, {"model": "rgmain.university", "pk": 25, "fields": {"name": "La Trobe University"}}, {"model": "rgmain.university", "pk": 26, "fields": {"name": "Swinburne University of Technology"}}, {"model": "rgmain.university", "pk": 27, "fields": {"name": "University of Ballarat"}}, {"model": "rgmain.university", "pk": 28, "fields": {"name": "Victoria University"}}, {"model": "rgmain.university", "pk": 29, "fields": {"name": "Bond University"}}, {"model": "rgmain.university", "pk": 30, "fields": {"name": "Central Queensland University"}}, {"model": "rgmain.university", "pk": 31, "fields": {"name": "Griffith University"}}, {"model": "rgmain.university", "pk": 32, "fields": {"name": "James Cook University"}}, {"model": "rgmain.university", "pk": 33, "fields": {"name": "Queensland University of Technology"}}, {"model": "rgmain.university", "pk": 34, "fields": {"name": "University of Southern Queensland"}}, {"model": "rgmain.university", "pk": 35, "fields": {"name": "University of the Sunshine Coast"}}, {"model": "rgmain.university", "pk": 36, "fields": {"name": "Curtin University"}}, {"model": "rgmain.university", "pk": 37, "fields": {"name": "Edith Cowan University"}}, {"model": "rgmain.university", "pk": 38, "fields": {"name": "Murdoch University"}}, {"model": "rgmain.university", "pk": 39, "fields": {"name": "University of Notre Dame Australia"}}, {"model": "rgmain.university", "pk": 40, "fields": {"name": "Heinz College Australia"}}, {"model": "rgmain.university", "pk": 41, "fields": {"name": "University of South Australia"}}, {"model": "rgmain.university", "pk": 42, "fields": {"name": "University of Tasmania"}}, {"model": "rgmain.university", "pk": 43, "fields": {"name": "Charles Darwin University"}}, {"model": "rgmain.university", "pk": 44, "fields": {"name": "University College London"}}, {"model": "rgmain.university", "pk": 45, "fields": {"name": "University of Birmingham"}}, {"model": "rgmain.university", "pk": 46, "fields": {"name": "University of Edinburgh"}}, {"model": "rgmain.university", "pk": 47, "fields": {"name": "University of Glasgow"}}, {"model": "rgmain.university", "pk": 48, "fields": {"name": "University of Nottingham"}}, {"model": "rgmain.university", "pk": 49, "fields": {"name": "London School of Economics"}}, {"model": "rgmain.university", "pk": 50, "fields": {"name": "University of Cambridge"}}, {"model": "rgmain.university", "pk": 51, "fields": {"name": "University of Bristol"}}, {"model": "rgmain.university", "pk": 52, "fields": {"name": "University of Otago"}}, {"model": "rgmain.university", "pk": 53, "fields": {"name": "Otago Polytechnic"}}, {"model": "rgmain.university", "pk": 54, "fields": {"name": "University of Sheffield"}}, {"model": "rgmain.university", "pk": 55, "fields": {"name": "University of Leeds"}}, {"model": "rgmain.university", "pk": 56, "fields": {"name": "TU Delft"}}, {"model": "rgmain.university", "pk": 57, "fields": {"name": "ETH Zurich"}}, {"model": "rgmain.university", "pk": 58, "fields": {"name": "California Institute of Technology"}}, {"model": "rgmain.university", "pk": 59, "fields": {"name": "University of Arizona"}}, {"model": "rgmain.university", "pk": 60, "fields": {"name": "Tokyo Institute of Technology"}}, {"model": "rgmain.university", "pk": 62, "fields": {"name": "Victoria University of Wellington"}}, {"model": "rgmain.university", "pk": 63, "fields": {"name": "Columbia University"}}, {"model": "rgmain.country", "pk": "AD", "fields": {"country_name": "Andorra"}}, {"model": "rgmain.country", "pk": "AE", "fields": {"country_name": "United Arab Emirates"}}, {"model": "rgmain.country", "pk": "AF", "fields": {"country_name": "Afghanistan"}}, {"model": "rgmain.country", "pk": "AG", "fields": {"country_name": "Antigua and Barbuda"}}, {"model": "rgmain.country", "pk": "AI", "fields": {"country_name": "Anguilla"}}, {"model": "rgmain.country", "pk": "AL", "fields": {"country_name": "Albania"}}, {"model": "rgmain.country", "pk": "AM", "fields": {"country_name": "Armenia"}}, {"model": "rgmain.country", "pk": "AN", "fields": {"country_name": "Netherlands Antilles"}}, {"model": "rgmain.country", "pk": "AO", "fields": {"country_name": "Angola"}}, {"model": "rgmain.country", "pk": "AQ", "fields": {"country_name": "Antarctica"}}, {"model": "rgmain.country", "pk": "AR", "fields": {"country_name": "Argentina"}}, {"model": "rgmain.country", "pk": "AS", "fields": {"country_name": "American Samoa"}}, {"model": "rgmain.country", "pk": "AT", "fields": {"country_name": "Austria"}}, {"model": "rgmain.country", "pk": "AU", "fields": {"country_name": "Australia"}}, {"model": "rgmain.country", "pk": "AW", "fields": {"country_name": "Aruba"}}, {"model": "rgmain.country", "pk": "AX", "fields": {"country_name": "Aland Islands"}}, {"model": "rgmain.country", "pk": "AZ", "fields": {"country_name": "Azerbaijan"}}, {"model": "rgmain.country", "pk": "BA", "fields": {"country_name": "Bosnia and Herzegovina"}}, {"model": "rgmain.country", "pk": "BB", "fields": {"country_name": "Barbados"}}, {"model": "rgmain.country", "pk": "BD", "fields": {"country_name": "Bangladesh"}}, {"model": "rgmain.country", "pk": "BE", "fields": {"country_name": "Belgium"}}, {"model": "rgmain.country", "pk": "BF", "fields": {"country_name": "Burkina Faso"}}, {"model": "rgmain.country", "pk": "BG", "fields": {"country_name": "Bulgaria"}}, {"model": "rgmain.country", "pk": "BH", "fields": {"country_name": "Bahrain"}}, {"model": "rgmain.country", "pk": "BI", "fields": {"country_name": "Burundi"}}, {"model": "rgmain.country", "pk": "BJ", "fields": {"country_name": "Benin"}}, {"model": "rgmain.country", "pk": "BL", "fields": {"country_name": "Saint Barthelemy"}}, {"model": "rgmain.country", "pk": "BM", "fields": {"country_name": "Bermuda"}}, {"model": "rgmain.country", "pk": "BN", "fields": {"country_name": "Brunei Darussalam"}}, {"model": "rgmain.country", "pk": "BO", "fields": {"country_name": "Bolivia"}}, {"model": "rgmain.country", "pk": "BR", "fields": {"country_name": "Brazil"}}, {"model": "rgmain.country", "pk": "BS", "fields": {"country_name": "Bahamas"}}, {"model": "rgmain.country", "pk": "BT", "fields": {"country_name": "Bhutan"}}, {"model": "rgmain.country", "pk": "BV", "fields": {"country_name": "Bouvet Island"}}, {"model": "rgmain.country", "pk": "BW", "fields": {"country_name": "Botswana"}}, {"model": "rgmain.country", "pk": "BY", "fields": {"country_name": "Belarus"}}, {"model": "rgmain.country", "pk": "BZ", "fields": {"country_name": "Belize"}}, {"model": "rgmain.country", "pk": "CA", "fields": {"country_name": "Canada"}}, {"model": "rgmain.country", "pk": "CC", "fields": {"country_name": "Cocos (Keeling) Islands"}}, {"model": "rgmain.country", "pk": "CD", "fields": {"country_name": "Congo (DRC)"}}, {"model": "rgmain.country", "pk": "CF", "fields": {"country_name": "Central African Republic"}}, {"model": "rgmain.country", "pk": "CG", "fields": {"country_name": "Congo"}}, {"model": "rgmain.country", "pk": "CH", "fields": {"country_name": "Switzerland"}}, {"model": "rgmain.country", "pk": "CI", "fields": {"country_name": "Cote d'Ivoire"}}, {"model": "rgmain.country", "pk": "CK", "fields": {"country_name": "Cook Islands"}}, {"model": "rgmain.country", "pk": "CL", "fields": {"country_name": "Chile"}}, {"model": "rgmain.country", "pk": "CM", "fields": {"country_name": "Cameroon"}}, {"model": "rgmain.country", "pk": "CN", "fields": {"country_name": "China"}}, {"model": "rgmain.country", "pk": "CO", "fields": {"country_name": "Colombia"}}, {"model": "rgmain.country", "pk": "CR", "fields": {"country_name": "Costa Rica"}}, {"model": "rgmain.country", "pk": "CU", "fields": {"country_name": "Cuba"}}, {"model": "rgmain.country", "pk": "CV", "fields": {"country_name": "Cape Verde"}}, {"model": "rgmain.country", "pk": "CX", "fields": {"country_name": "Christmas Island"}}, {"model": "rgmain.country", "pk": "CY", "fields": {"country_name": "Cyprus"}}, {"model": "rgmain.country", "pk": "CZ", "fields": {"country_name": "Czech Republic"}}, {"model": "rgmain.country", "pk": "DE", "fields": {"country_name": "Germany"}}, {"model": "rgmain.country", "pk": "DJ", "fields": {"country_name": "Djibouti"}}, {"model": "rgmain.country", "pk": "DK", "fields": {"country_name": "Denmark"}}, {"model": "rgmain.country", "pk": "DM", "fields": {"country_name": "Dominica"}}, {"model": "rgmain.country", "pk": "DO", "fields": {"country_name": "Dominican Republic"}}, {"model": "rgmain.country", "pk": "DZ", "fields": {"country_name": "Algeria"}}, {"model": "rgmain.country", "pk": "EC", "fields": {"country_name": "Ecuador"}}, {"model": "rgmain.country", "pk": "EE", "fields": {"country_name": "Estonia"}}, {"model": "rgmain.country", "pk": "EG", "fields": {"country_name": "Egypt"}}, {"model": "rgmain.country", "pk": "EH", "fields": {"country_name": "Western Sahara"}}, {"model": "rgmain.country", "pk": "ER", "fields": {"country_name": "Eritrea"}}, {"model": "rgmain.country", "pk": "ES", "fields": {"country_name": "Spain"}}, {"model": "rgmain.country", "pk": "ET", "fields": {"country_name": "Ethiopia"}}, {"model": "rgmain.country", "pk": "FI", "fields": {"country_name": "Finland"}}, {"model": "rgmain.country", "pk": "FJ", "fields": {"country_name": "Fiji"}}, {"model": "rgmain.country", "pk": "FK", "fields": {"country_name": "Falkland Islands"}}, {"model": "rgmain.country", "pk": "FM", "fields": {"country_name": "Micronesia"}}, {"model": "rgmain.country", "pk": "FO", "fields": {"country_name": "Faroe Islands"}}, {"model": "rgmain.country", "pk": "FR", "fields": {"country_name": "France"}}, {"model": "rgmain.country", "pk": "GA", "fields": {"country_name": "Gabon"}}, {"model": "rgmain.country", "pk": "GB", "fields": {"country_name": "United Kingdom"}}, {"model": "rgmain.country", "pk": "GD", "fields": {"country_name": "Grenada"}}, {"model": "rgmain.country", "pk": "GE", "fields": {"country_name": "Georgia"}}, {"model": "rgmain.country", "pk": "GF", "fields": {"country_name": "French Guiana"}}, {"model": "rgmain.country", "pk": "GG", "fields": {"country_name": "Guernsey"}}, {"model": "rgmain.country", "pk": "GH", "fields": {"country_name": "Ghana"}}, {"model": "rgmain.country", "pk": "GI", "fields": {"country_name": "Gibraltar"}}, {"model": "rgmain.country", "pk": "GL", "fields": {"country_name": "Greenland"}}, {"model": "rgmain.country", "pk": "GM", "fields": {"country_name": "Gambia"}}, {"model": "rgmain.country", "pk": "GN", "fields": {"country_name": "Guinea"}}, {"model": "rgmain.country", "pk": "GP", "fields": {"country_name": "Guadeloupe"}}, {"model": "rgmain.country", "pk": "GQ", "fields": {"country_name": "Equatorial Guinea"}}, {"model": "rgmain.country", "pk": "GR", "fields": {"country_name": "Greece"}}, {"model": "rgmain.country", "pk": "GT", "fields": {"country_name": "Guatemala"}}, {"model": "rgmain.country", "pk": "GU", "fields": {"country_name": "Guam"}}, {"model": "rgmain.country", "pk": "GW", "fields": {"country_name": "Guinea-Bissau"}}, {"model": "rgmain.country", "pk": "GY", "fields": {"country_name": "Guyana"}}, {"model": "rgmain.country", "pk": "HK", "fields": {"country_name": "Hong Kong"}}, {"model": "rgmain.country", "pk": "HM", "fields": {"country_name": "Heard and McDonald Islands"}}, {"model": "rgmain.country", "pk": "HN", "fields": {"country_name": "Honduras"}}, {"model": "rgmain.country", "pk": "HR", "fields": {"country_name": "Croatia"}}, {"model": "rgmain.country", "pk": "HT", "fields": {"country_name": "Haiti"}}, {"model": "rgmain.country", "pk": "HU", "fields": {"country_name": "Hungary"}}, {"model": "rgmain.country", "pk": "ID", "fields": {"country_name": "Indonesia"}}, {"model": "rgmain.country", "pk": "IE", "fields": {"country_name": "Ireland"}}, {"model": "rgmain.country", "pk": "IL", "fields": {"country_name": "Israel"}}, {"model": "rgmain.country", "pk": "IM", "fields": {"country_name": "Isle of Man"}}, {"model": "rgmain.country", "pk": "IN", "fields": {"country_name": "India"}}, {"model": "rgmain.country", "pk": "IO", "fields": {"country_name": "British Indian Ocean Territory"}}, {"model": "rgmain.country", "pk": "IQ", "fields": {"country_name": "Iraq"}}, {"model": "rgmain.country", "pk": "IR", "fields": {"country_name": "Iran"}}, {"model": "rgmain.country", "pk": "IS", "fields": {"country_name": "Iceland"}}, {"model": "rgmain.country", "pk": "IT", "fields": {"country_name": "Italy"}}, {"model": "rgmain.country", "pk": "JE", "fields": {"country_name": "Jersey"}}, {"model": "rgmain.country", "pk": "JM", "fields": {"country_name": "Jamaica"}}, {"model": "rgmain.country", "pk": "JO", "fields": {"country_name": "Jordan"}}, {"model": "rgmain.country", "pk": "JP", "fields": {"country_name": "Japan"}}, {"model": "rgmain.country", "pk": "KE", "fields": {"country_name": "Kenya"}}, {"model": "rgmain.country", "pk": "KG", "fields": {"country_name": "Kyrgyzstan"}}, {"model": "rgmain.country", "pk": "KH", "fields": {"country_name": "Cambodia"}}, {"model": "rgmain.country", "pk": "KI", "fields": {"country_name": "Kiribati"}}, {"model": "rgmain.country", "pk": "KM", "fields": {"country_name": "Comoros"}}, {"model": "rgmain.country", "pk": "KN", "fields": {"country_name": "Saint Kitts and Nevis"}}, {"model": "rgmain.country", "pk": "KP", "fields": {"country_name": "Korea (North)"}}, {"model": "rgmain.country", "pk": "KR", "fields": {"country_name": "Korea (South)"}}, {"model": "rgmain.country", "pk": "KW", "fields": {"country_name": "Kuwait"}}, {"model": "rgmain.country", "pk": "KY", "fields": {"country_name": "Cayman Islands"}}, {"model": "rgmain.country", "pk": "KZ", "fields": {"country_name": "Kazakhstan"}}, {"model": "rgmain.country", "pk": "LA", "fields": {"country_name": "Laos"}}, {"model": "rgmain.country", "pk": "LB", "fields": {"country_name": "Lebanon"}}, {"model": "rgmain.country", "pk": "LC", "fields": {"country_name": "Saint Lucia"}}, {"model": "rgmain.country", "pk": "LI", "fields": {"country_name": "Liechtenstein"}}, {"model": "rgmain.country", "pk": "LK", "fields": {"country_name": "Sri Lanka"}}, {"model": "rgmain.country", "pk": "LR", "fields": {"country_name": "Liberia"}}, {"model": "rgmain.country", "pk": "LS", "fields": {"country_name": "Lesotho"}}, {"model": "rgmain.country", "pk": "LT", "fields": {"country_name": "Lithuania"}}, {"model": "rgmain.country", "pk": "LU", "fields": {"country_name": "Luxembourg"}}, {"model": "rgmain.country", "pk": "LV", "fields": {"country_name": "Latvia"}}, {"model": "rgmain.country", "pk": "LY", "fields": {"country_name": "Libya"}}, {"model": "rgmain.country", "pk": "MA", "fields": {"country_name": "Morocco"}}, {"model": "rgmain.country", "pk": "MC", "fields": {"country_name": "Monaco"}}, {"model": "rgmain.country", "pk": "MD", "fields": {"country_name": "Moldova"}}, {"model": "rgmain.country", "pk": "ME", "fields": {"country_name": "Montenegro"}}, {"model": "rgmain.country", "pk": "MF", "fields": {"country_name": "Saint Martin"}}, {"model": "rgmain.country", "pk": "MG", "fields": {"country_name": "Madagascar"}}, {"model": "rgmain.country", "pk": "MH", "fields": {"country_name": "Marshall Islands"}}, {"model": "rgmain.country", "pk": "MK", "fields": {"country_name": "Macedonia"}}, {"model": "rgmain.country", "pk": "ML", "fields": {"country_name": "Mali"}}, {"model": "rgmain.country", "pk": "MM", "fields": {"country_name": "Myanmar"}}, {"model": "rgmain.country", "pk": "MN", "fields": {"country_name": "Mongolia"}}, {"model": "rgmain.country", "pk": "MO", "fields": {"country_name": "Macao"}}, {"model": "rgmain.country", "pk": "MP", "fields": {"country_name": "Northern Mariana Islands"}}, {"model": "rgmain.country", "pk": "MQ", "fields": {"country_name": "Martinique"}}, {"model": "rgmain.country", "pk": "MR", "fields": {"country_name": "Mauritania"}}, {"model": "rgmain.country", "pk": "MS", "fields": {"country_name": "Montserrat"}}, {"model": "rgmain.country", "pk": "MT", "fields": {"country_name": "Malta"}}, {"model": "rgmain.country", "pk": "MU", "fields": {"country_name": "Mauritius"}}, {"model": "rgmain.country", "pk": "MV", "fields": {"country_name": "Maldives"}}, {"model": "rgmain.country", "pk": "MW", "fields": {"country_name": "Malawi"}}, {"model": "rgmain.country", "pk": "MX", "fields": {"country_name": "Mexico"}}, {"model": "rgmain.country", "pk": "MY", "fields": {"country_name": "Malaysia"}}, {"model": "rgmain.country", "pk": "MZ", "fields": {"country_name": "Mozambique"}}, {"model": "rgmain.country", "pk": "NA", "fields": {"country_name": "Namibia"}}, {"model": "rgmain.country", "pk": "NC", "fields": {"country_name": "New Caledonia"}}, {"model": "rgmain.country", "pk": "NE", "fields": {"country_name": "Niger"}}, {"model": "rgmain.country", "pk": "NF", "fields": {"country_name": "Norfolk Island"}}, {"model": "rgmain.country", "pk": "NG", "fields": {"country_name": "Nigeria"}}, {"model": "rgmain.country", "pk": "NI", "fields": {"country_name": "Nicaragua"}}, {"model": "rgmain.country", "pk": "NL", "fields": {"country_name": "Netherlands"}}, {"model": "rgmain.country", "pk": "NO", "fields": {"country_name": "Norway"}}, {"model": "rgmain.country", "pk": "NP", "fields": {"country_name": "Nepal"}}, {"model": "rgmain.country", "pk": "NR", "fields": {"country_name": "Nauru"}}, {"model": "rgmain.country", "pk": "NU", "fields": {"country_name": "Niue"}}, {"model": "rgmain.country", "pk": "NZ", "fields": {"country_name": "New Zealand"}}, {"model": "rgmain.country", "pk": "OM", "fields": {"country_name": "Oman"}}, {"model": "rgmain.country", "pk": "PA", "fields": {"country_name": "Panama"}}, {"model": "rgmain.country", "pk": "PE", "fields": {"country_name": "Peru"}}, {"model": "rgmain.country", "pk": "PF", "fields": {"country_name": "French Polynesia"}}, {"model": "rgmain.country", "pk": "PG", "fields": {"country_name": "Papua New Guinea"}}, {"model": "rgmain.country", "pk": "PH", "fields": {"country_name": "Philippines"}}, {"model": "rgmain.country", "pk": "PK", "fields": {"country_name": "Pakistan"}}, {"model": "rgmain.country", "pk": "PL", "fields": {"country_name": "Poland"}}, {"model": "rgmain.country", "pk": "PM", "fields": {"country_name": "Saint Pierre and Miquelon"}}, {"model": "rgmain.country", "pk": "PN", "fields": {"country_name": "Pitcairn"}}, {"model": "rgmain.country", "pk": "PR", "fields": {"country_name": "Puerto Rico"}}, {"model": "rgmain.country", "pk": "PS", "fields": {"country_name": "Palestine"}}, {"model": "rgmain.country", "pk": "PT", "fields": {"country_name": "Portugal"}}, {"model": "rgmain.country", "pk": "PW", "fields": {"country_name": "Palau"}}, {"model": "rgmain.country", "pk": "PY", "fields": {"country_name": "Paraguay"}}, {"model": "rgmain.country", "pk": "QA", "fields": {"country_name": "Qatar"}}, {"model": "rgmain.country", "pk": "RE", "fields": {"country_name": "Reunion"}}, {"model": "rgmain.country", "pk": "RO", "fields": {"country_name": "Romania"}}, {"model": "rgmain.country", "pk": "RS", "fields": {"country_name": "Serbia"}}, {"model": "rgmain.country", "pk": "RU", "fields": {"country_name": "Russian Federation"}}, {"model": "rgmain.country", "pk": "RW", "fields": {"country_name": "Rwanda"}}, {"model": "rgmain.country", "pk": "SA", "fields": {"country_name": "Saudi Arabia"}}, {"model": "rgmain.country", "pk": "SB", "fields": {"country_name": "Solomon Islands"}}, {"model": "rgmain.country", "pk": "SC", "fields": {"country_name": "Seychelles"}}, {"model": "rgmain.country", "pk": "SD", "fields": {"country_name": "Sudan"}}, {"model": "rgmain.country", "pk": "SE", "fields": {"country_name": "Sweden"}}, {"model": "rgmain.country", "pk": "SG", "fields": {"country_name": "Singapore"}}, {"model": "rgmain.country", "pk": "SH", "fields": {"country_name": "Saint Helena"}}, {"model": "rgmain.country", "pk": "SI", "fields": {"country_name": "Slovenia"}}, {"model": "rgmain.country", "pk": "SJ", "fields": {"country_name": "Svalbard and Jan Mayen"}}, {"model": "rgmain.country", "pk": "SK", "fields": {"country_name": "Slovakia"}}, {"model": "rgmain.country", "pk": "SL", "fields": {"country_name": "Sierra Leone"}}, {"model": "rgmain.country", "pk": "SM", "fields": {"country_name": "San Marino"}}, {"model": "rgmain.country", "pk": "SN", "fields": {"country_name": "Senegal"}}, {"model": "rgmain.country", "pk": "SO", "fields": {"country_name": "Somalia"}}, {"model": "rgmain.country", "pk": "SR", "fields": {"country_name": "Suriname"}}, {"model": "rgmain.country", "pk": "ST", "fields": {"country_name": "Sao Tome and Principe"}}, {"model": "rgmain.country", "pk": "SV", "fields": {"country_name": "El Salvador"}}, {"model": "rgmain.country", "pk": "SY", "fields": {"country_name": "Syria"}}, {"model": "rgmain.country", "pk": "SZ", "fields": {"country_name": "Swaziland"}}, {"model": "rgmain.country", "pk": "TC", "fields": {"country_name": "Turks and Caicos Islands"}}, {"model": "rgmain.country", "pk": "TD", "fields": {"country_name": "Chad"}}, {"model": "rgmain.country", "pk": "TF", "fields": {"country_name": "French Southern Territories"}}, {"model": "rgmain.country", "pk": "TG", "fields": {"country_name": "Togo"}}, {"model": "rgmain.country", "pk": "TH", "fields": {"country_name": "Thailand"}}, {"model": "rgmain.country", "pk": "TJ", "fields": {"country_name": "Tajikistan"}}, {"model": "rgmain.country", "pk": "TK", "fields": {"country_name": "Tokelau"}}, {"model": "rgmain.country", "pk": "TL", "fields": {"country_name": "Timor-Leste"}}, {"model": "rgmain.country", "pk": "TM", "fields": {"country_name": "Turkmenistan"}}, {"model": "rgmain.country", "pk": "TN", "fields": {"country_name": "Tunisia"}}, {"model": "rgmain.country", "pk": "TO", "fields": {"country_name": "Tonga"}}, {"model": "rgmain.country", "pk": "TR", "fields": {"country_name": "Turkey"}}, {"model": "rgmain.country", "pk": "TT", "fields": {"country_name": "Trinidad and Tobago"}}, {"model": "rgmain.country", "pk": "TV", "fields": {"country_name": "Tuvalu"}}, {"model": "rgmain.country", "pk": "TW", "fields": {"country_name": "Taiwan"}}, {"model": "rgmain.country", "pk": "TZ", "fields": {"country_name": "Tanzania"}}, {"model": "rgmain.country", "pk": "UA", "fields": {"country_name": "Ukraine"}}, {"model": "rgmain.country", "pk": "UG", "fields": {"country_name": "Uganda"}}, {"model": "rgmain.country", "pk": "US", "fields": {"country_name": "United States of America"}}, {"model": "rgmain.country", "pk": "UY", "fields": {"country_name": "Uruguay"}}, {"model": "rgmain.country", "pk": "UZ", "fields": {"country_name": "Uzbekistan"}}, {"model": "rgmain.country", "pk": "VA", "fields": {"country_name": "Vatican City"}}, {"model": "rgmain.country", "pk": "VC", "fields": {"country_name": "Saint Vincent and the Grenadines"}}, {"model": "rgmain.country", "pk": "VE", "fields": {"country_name": "Venezuela"}}, {"model": "rgmain.country", "pk": "VG", "fields": {"country_name": "Virgin Islands, British"}}, {"model": "rgmain.country", "pk": "VI", "fields": {"country_name": "Virgin Islands, US"}}, {"model": "rgmain.country", "pk": "VN", "fields": {"country_name": "Vietnam"}}, {"model": "rgmain.country", "pk": "VU", "fields": {"country_name": "Vanuatu"}}, {"model": "rgmain.country", "pk": "WF", "fields": {"country_name": "Wallis and Futuna"}}, {"model": "rgmain.country", "pk": "WS", "fields": {"country_name": "Samoa"}}, {"model": "rgmain.country", "pk": "YE", "fields": {"country_name": "Yemen"}}, {"model": "rgmain.country", "pk": "YT", "fields": {"country_name": "Mayotte"}}, {"model": "rgmain.country", "pk": "ZA", "fields": {"country_name": "South Africa"}}, {"model": "rgmain.country", "pk": "ZM", "fields": {"country_name": "Zambia"}}, {"model": "rgmain.country", "pk": "ZW", "fields": {"country_name": "Zimbabwe"}}, {"model": "rgmain.mobileregexcollection", "pk": 1, "fields": {"description": "Australia", "errmsg": "Please enter a valid Australian mobile number"}}, {"model": "rgmain.mobileregexcollection", "pk": 2, "fields": {"description": "New Zealand", "errmsg": "Please enter a valid New Zealand mobile number"}}, {"model": "rgmain.mobileregexcollection", "pk": 3, "fields": {"description": "United Kingdom", "errmsg": "Please enter a valid UK mobile number"}}, {"model": "rgmain.mobileregexcollection", "pk": 4, "fields": {"description": "Ireland", "errmsg": "Please enter a valid Irish mobile number"}}, {"model": "rgmain.mobileregexcollection", "pk": 5, "fields": {"description": "Switzerland", "errmsg": "Please enter a valid Swiss mobile number"}}, {"model": "rgmain.mobileregexcollection", "pk": 6, "fields": {"description": "The Netherlands", "errmsg": "Please enter a valid Netherlands mobile number"}}, {"model": "rgmain.mobileregexcollection", "pk": 7, "fields": {"description": "United States", "errmsg": "Please enter a valid United States cell phone number"}}, {"model": "rgmain.mobileregexcollection", "pk": 8, "fields": {"description": "Japan", "errmsg": "Please enter a valid Japanese mobile number"}}, {"model": "rgmain.mobileregex", "pk": 1, "fields": {"regex": "^(04)([0123456789]{8})$", "collection": 1, "strip_digits": 1, "description": "Australian mobile, local format", "prepend_digits": "61"}}, {"model": "rgmain.mobileregex", "pk": 2, "fields": {"regex": "^(614)([0123456789]{8})$", "collection": 1, "strip_digits": 0, "description": "Australian mobile, international format", "prepend_digits": ""}}, {"model": "rgmain.mobileregex", "pk": 3, "fields": {"regex": "^(00614)([0123456789]{8})$", "collection": 1, "strip_digits": 2, "description": "Australian mobile, international format", "prepend_digits": ""}}, {"model": "rgmain.mobileregex", "pk": 4, "fields": {"regex": "^(0011614)([0123456789]{8})$", "collection": 1, "strip_digits": 4, "description": "Australian mobile, international format", "prepend_digits": ""}}, {"model": "rgmain.mobileregex", "pk": 5, "fields": {"regex": "^(02)([0123456789]{7,9})$", "collection": 2, "strip_digits": 1, "description": "New Zealand mobile, local format", "prepend_digits": "64"}}, {"model": "rgmain.mobileregex", "pk": 8, "fields": {"regex": "^(642)([0123456789]{7,9})$", "collection": 2, "strip_digits": 0, "description": "New Zealand mobile, international format", "prepend_digits": ""}}, {"model": "rgmain.mobileregex", "pk": 9, "fields": {"regex": "^(00642)([0123456789]{7,9})$", "collection": 2, "strip_digits": 2, "description": "New Zealand mobile, international format", "prepend_digits": ""}}, {"model": "rgmain.mobileregex", "pk": 10, "fields": {"regex": "^(07)([0123456789]{9})$", "collection": 3, "strip_digits": 1, "description": "UK mobile, local format", "prepend_digits": "44"}}, {"model": "rgmain.mobileregex", "pk": 11, "fields": {"regex": "^(447)([0123456789]{9})$", "collection": 3, "strip_digits": 0, "description": "UK mobile, international format", "prepend_digits": ""}}, {"model": "rgmain.mobileregex", "pk": 12, "fields": {"regex": "^(00447)([0123456789]{9})$", "collection": 3, "strip_digits": 2, "description": "UK mobile, international format", "prepend_digits": ""}}, {"model": "rgmain.mobileregex", "pk": 13, "fields": {"regex": "^(08)([0123456789]{8})$", "collection": 4, "strip_digits": 1, "description": "Irish mobile, local format", "prepend_digits": "353"}}, {"model": "rgmain.mobileregex", "pk": 14, "fields": {"regex": "^(3538)([0123456789]{8})$", "collection": 4, "strip_digits": 0, "description": "Irish mobile, international format", "prepend_digits": ""}}, {"model": "rgmain.mobileregex", "pk": 15, "fields": {"regex": "^(003538)([0123456789]{8})$", "collection": 4, "strip_digits": 2, "description": "Irish mobile, international format", "prepend_digits": ""}}, {"model": "rgmain.mobileregex", "pk": 16, "fields": {"regex": "^(07)([0123456789]{8})$", "collection": 5, "strip_digits": 1, "description": "Swiss mobile, local format", "prepend_digits": "41"}}, {"model": "rgmain.mobileregex", "pk": 17, "fields": {"regex": "^(417)([0123456789]{8})$", "collection": 5, "strip_digits": 0, "description": "Swiss mobile, international format", "prepend_digits": ""}}, {"model": "rgmain.mobileregex", "pk": 18, "fields": {"regex": "^(00417)([0123456789]{8})$", "collection": 5, "strip_digits": 2, "description": "Swiss mobile, international format", "prepend_digits": ""}}, {"model": "rgmain.mobileregex", "pk": 19, "fields": {"regex": "^(06)([0123456789]{8})$", "collection": 6, "strip_digits": 1, "description": "Netherlands mobile, local format", "prepend_digits": "31"}}, {"model": "rgmain.mobileregex", "pk": 20, "fields": {"regex": "^(316)([0123456789]{8})$", "collection": 6, "strip_digits": 0, "description": "Netherlands mobile, international format", "prepend_digits": ""}}, {"model": "rgmain.mobileregex", "pk": 21, "fields": {"regex": "^(00316)([0123456789]{8})$", "collection": 6, "strip_digits": 2, "description": "Netherlands mobile, international format", "prepend_digits": ""}}, {"model": "rgmain.mobileregex", "pk": 22, "fields": {"regex": "^([2-9])([0-9]{9})$", "collection": 7, "strip_digits": 0, "description": "USA mobile", "prepend_digits": "1"}}, {"model": "rgmain.mobileregex", "pk": 23, "fields": {"regex": "^(1)([2-9])([0-9]{9})$", "collection": 7, "strip_digits": 0, "description": "USA mobile", "prepend_digits": ""}}, {"model": "rgmain.mobileregex", "pk": 24, "fields": {"regex": "^(08)([0123456789]{8})$", "collection": 8, "strip_digits": 1, "description": "Japanese mobile, local format", "prepend_digits": "81"}}, {"model": "rgmain.mobileregex", "pk": 25, "fields": {"regex": "^(09)([0123456789]{8})$", "collection": 8, "strip_digits": 1, "description": "Japanese mobile, local format", "prepend_digits": "81"}}, {"model": "rgmain.mobileregex", "pk": 26, "fields": {"regex": "^(818)([0123456789]{8})$", "collection": 8, "strip_digits": 0, "description": "Japanese mobile, international format", "prepend_digits": ""}}, {"model": "rgmain.mobileregex", "pk": 27, "fields": {"regex": "^(819)([0123456789]{8})$", "collection": 8, "strip_digits": 0, "description": "Japanese mobile, international format", "prepend_digits": ""}}, {"model": "rgprofile.positiontype", "pk": 1, "fields": {"description": "President", "chapter": null, "rank": 1}}, {"model": "rgprofile.positiontype", "pk": 2, "fields": {"description": "Secretary", "chapter": null, "rank": 3}}, {"model": "rgprofile.positiontype", "pk": 3, "fields": {"description": "Schools & Students Manager", "chapter": null, "rank": 5}}, {"model": "rgprofile.positiontype", "pk": 4, "fields": {"description": "Lessons Manager", "chapter": null, "rank": 6}}, {"model": "rgprofile.positiontype", "pk": 5, "fields": {"description": "Sponsorship & Partnerships Manager", "chapter": null, "rank": 7}}, {"model": "rgprofile.positiontype", "pk": 6, "fields": {"description": "Marketing Manager", "chapter": null, "rank": 8}}, {"model": "rgprofile.positiontype", "pk": 7, "fields": {"description": "Founder & Director", "chapter": 1, "rank": 1}}, {"model": "rgprofile.positiontype", "pk": 9, "fields": {"description": "Marketing & Communications Manager", "chapter": 1, "rank": 7}}, {"model": "rgprofile.positiontype", "pk": 11, "fields": {"description": "Regional Director", "chapter": null, "rank": 1}}, {"model": "rgprofile.positiontype", "pk": 12, "fields": {"description": "Vice-President", "chapter": null, "rank": 2}}, {"model": "rgprofile.positiontype", "pk": 13, "fields": {"description": "WSET Liaison", "chapter": 9, "rank": 10}}, {"model": "rgprofile.positiontype", "pk": 14, "fields": {"description": "IT Manager", "chapter": 1, "rank": 9}}, {"model": "rgprofile.positiontype", "pk": 15, "fields": {"description": "Designer", "chapter": 1, "rank": 10}}, {"model": "rgprofile.positiontype", "pk": 17, "fields": {"description": "Communications Manager", "chapter": 1, "rank": 8}}, {"model": "rgprofile.positiontype", "pk": 23, "fields": {"description": "Organisational Development Manager", "chapter": 1, "rank": 4}}, {"model": "rgprofile.positiontype", "pk": 25, "fields": {"description": "Treasurer", "chapter": null, "rank": 4}}, {"model": "rgprofile.positiontype", "pk": 27, "fields": {"description": "Committee Member", "chapter": null, "rank": 20}}, {"model": "rgprofile.positiontype", "pk": 28, "fields": {"description": "Manager", "chapter": 20, "rank": 1}}, {"model": "rgprofile.positiontype", "pk": 29, "fields": {"description": "Media Manager", "chapter": null, "rank": 20}}, {"model": "rgprofile.positiontype", "pk": 30, "fields": {"description": "Social Manager", "chapter": null, "rank": 21}}, {"model": "rgprofile.positiontype", "pk": 31, "fields": {"description": "Team Member", "chapter": null, "rank": 15}}, {"model": "rgprofile.positiontype", "pk": 32, "fields": {"description": "Science Challenge Manager", "chapter": 20, "rank": 7}}, {"model": "rgprofile.positiontype", "pk": 33, "fields": {"description": "SINE Event Manager", "chapter": 22, "rank": 15}}, {"model": "rgprofile.positiontype", "pk": 34, "fields": {"description": "Operations Director", "chapter": 1, "rank": 2}}, {"model": "rgprofile.positiontype", "pk": 35, "fields": {"description": "Founder & Executive Director", "chapter": 1, "rank": 0}}, {"model": "rgprofile.positiontype", "pk": 36, "fields": {"description": "Training Manager", "chapter": null, "rank": 6}}, {"model": "rgprofile.positiontype", "pk": 37, "fields": {"description": "Secretary & Treasurer", "chapter": null, "rank": 3}}, {"model": "rgprofile.positiontype", "pk": 38, "fields": {"description": "Schools Manager", "chapter": null, "rank": 5}}, {"model": "rgprofile.positiontype", "pk": 39, "fields": {"description": "Schools Manager (Metro)", "chapter": null, "rank": 5}}, {"model": "rgprofile.positiontype", "pk": 40, "fields": {"description": "Schools Manager (Rural & Regional)", "chapter": null, "rank": 5}}, {"model": "rgprofile.positiontype", "pk": 41, "fields": {"description": "Events Manager", "chapter": null, "rank": 9}}, {"model": "rgprofile.positiontype", "pk": 42, "fields": {"description": "Partnerships Manager", "chapter": null, "rank": 7}}, {"model": "rgprofile.positiontype", "pk": 43, "fields": {"description": "Deputy Executive Director", "chapter": 1, "rank": 1}}, {"model": "rgprofile.positiontype", "pk": 44, "fields": {"description": "National Partnerships Manager", "chapter": 2, "rank": 5}}, {"model": "rgprofile.positiontype", "pk": 51, "fields": {"description": "Logistics Manager", "chapter": 9, "rank": 9}}, {"model": "rgprofile.positiontype", "pk": 52, "fields": {"description": "Webmaster", "chapter": null, "rank": 12}}, {"model": "rgprofile.positiontype", "pk": 53, "fields": {"description": "Activities Manager", "chapter": null, "rank": 10}}, {"model": "rgprofile.positiontype", "pk": 54, "fields": {"description": "Software Engineer", "chapter": 1, "rank": 9}}, {"model": "rgchapter.displaycolumn", "pk": 2, "fields": {"field_name": "first_name", "display_name_ja": "", "order": 1, "display_name_en": "First name", "display_name_nl": ""}}, {"model": "rgchapter.displaycolumn", "pk": 3, "fields": {"field_name": "last_name", "display_name_ja": "", "order": 2, "display_name_en": "Last name", "display_name_nl": ""}}, {"model": "rgchapter.displaycolumn", "pk": 4, "fields": {"field_name": "email", "display_name_ja": "", "order": 4, "display_name_en": "Email", "display_name_nl": ""}}, {"model": "rgchapter.displaycolumn", "pk": 5, "fields": {"field_name": "alt_email", "display_name_ja": "", "order": 6, "display_name_en": "Alternate email", "display_name_nl": ""}}, {"model": "rgchapter.displaycolumn", "pk": 6, "fields": {"field_name": "is_staff", "display_name_ja": "", "order": 10, "display_name_en": "Is Exec?", "display_name_nl": ""}}, {"model": "rgchapter.displaycolumn", "pk": 8, "fields": {"field_name": "last_login", "display_name_ja": "", "order": 10, "display_name_en": "Last login", "display_name_nl": ""}}, {"model": "rgchapter.displaycolumn", "pk": 9, "fields": {"field_name": "date_joined", "display_name_ja": "", "order": 10, "display_name_en": "Date joined", "display_name_nl": ""}}, {"model": "rgchapter.displaycolumn", "pk": 10, "fields": {"field_name": "dob", "display_name_ja": "", "order": 10, "display_name_en": "Date of birth", "display_name_nl": ""}}, {"model": "rgchapter.displaycolumn", "pk": 11, "fields": {"field_name": "course", "display_name_ja": "", "order": 10, "display_name_en": "Course", "display_name_nl": ""}}, {"model": "rgchapter.displaycolumn", "pk": 12, "fields": {"field_name": "uni_start", "display_name_ja": "", "order": 11, "display_name_en": "Started university", "display_name_nl": ""}}, {"model": "rgchapter.displaycolumn", "pk": 13, "fields": {"field_name": "uni_end", "display_name_ja": "", "order": 12, "display_name_en": "Will end university", "display_name_nl": ""}}, {"model": "rgchapter.displaycolumn", "pk": 14, "fields": {"field_name": "university", "display_name_ja": "", "order": 10, "display_name_en": "University", "display_name_nl": ""}}, {"model": "rgchapter.displaycolumn", "pk": 15, "fields": {"field_name": "mobile", "display_name_ja": "", "order": 5, "display_name_en": "Mobile", "display_name_nl": ""}}, {"model": "rgchapter.displaycolumn", "pk": 16, "fields": {"field_name": "email_reminder_optin", "display_name_ja": "", "order": 10, "display_name_en": "Email reminder opt-in?", "display_name_nl": ""}}, {"model": "rgchapter.displaycolumn", "pk": 17, "fields": {"field_name": "email_chapter_optin", "display_name_ja": "", "order": 10, "display_name_en": "Email general opt-in?", "display_name_nl": ""}}, {"model": "rgchapter.displaycolumn", "pk": 18, "fields": {"field_name": "mobile_reminder_optin", "display_name_ja": "", "order": 10, "display_name_en": "SMS reminder opt-in?", "display_name_nl": ""}}, {"model": "rgchapter.displaycolumn", "pk": 19, "fields": {"field_name": "mobile_marketing_optin", "display_name_ja": "", "order": 10, "display_name_en": "SMS general opt-in?", "display_name_nl": ""}}, {"model": "rgchapter.displaycolumn", "pk": 20, "fields": {"field_name": "email_newsletter_optin", "display_name_ja": "", "order": 10, "display_name_en": "Amplifier opt-in?", "display_name_nl": ""}}, {"model": "rgchapter.displaycolumn", "pk": 21, "fields": {"field_name": "union_member", "display_name_ja": "", "order": 10, "display_name_en": "Union member", "display_name_nl": ""}}, {"model": "rgchapter.displaycolumn", "pk": 22, "fields": {"field_name": "gender", "display_name_ja": "", "order": 10, "display_name_en": "Gender", "display_name_nl": ""}}, {"model": "rgchapter.displaycolumn", "pk": 23, "fields": {"field_name": "course_type", "display_name_ja": "", "order": 10, "display_name_en": "Course level", "display_name_nl": ""}}, {"model": "rgchapter.displaycolumn", "pk": 24, "fields": {"field_name": "student_type", "display_name_ja": "", "order": 10, "display_name_en": "Local/International", "display_name_nl": ""}}, {"model": "rgchapter.displaycolumn", "pk": 25, "fields": {"field_name": "student_number", "display_name_ja": "", "order": 7, "display_name_en": "Student number", "display_name_nl": ""}}, {"model": "rgchapter.displaycolumn", "pk": 26, "fields": {"field_name": "get_full_name", "display_name_ja": "", "order": 3, "display_name_en": "Name", "display_name_nl": ""}}, {"model": "rgchapter.displaycolumn", "pk": 27, "fields": {"field_name": "chapter", "display_name_ja": "", "order": 15, "display_name_en": "Chapter", "display_name_nl": ""}}, {"model": "rgchapter.displaycolumn", "pk": 28, "fields": {"field_name": "tshirt", "display_name_ja": "", "order": 10, "display_name_en": "T-shirt", "display_name_nl": ""}}, {"model": "rgchapter.displaycolumn", "pk": 29, "fields": {"field_name": "trained", "display_name_ja": "", "order": 10, "display_name_en": "Trained", "display_name_nl": ""}}, {"model": "rgchapter.shirtsize", "pk": 1, "fields": {"size_short": "6", "size_long": "Female 6", "order": 2, "chapter": 4}}, {"model": "rgchapter.shirtsize", "pk": 2, "fields": {"size_short": "8", "size_long": "Female 8", "order": 4, "chapter": 4}}, {"model": "rgchapter.shirtsize", "pk": 3, "fields": {"size_short": "10", "size_long": "Female 10", "order": 6, "chapter": 4}}, {"model": "rgchapter.shirtsize", "pk": 4, "fields": {"size_short": "12", "size_long": "Female 12", "order": 8, "chapter": 4}}, {"model": "rgchapter.shirtsize", "pk": 5, "fields": {"size_short": "14", "size_long": "Female 14", "order": 10, "chapter": 4}}, {"model": "rgchapter.shirtsize", "pk": 6, "fields": {"size_short": "16", "size_long": "Female 16", "order": 12, "chapter": 4}}, {"model": "rgchapter.shirtsize", "pk": 7, "fields": {"size_short": "18", "size_long": "Female 18", "order": 14, "chapter": 4}}, {"model": "rgchapter.shirtsize", "pk": 8, "fields": {"size_short": "XS", "size_long": "Male XS", "order": 20, "chapter": 4}}, {"model": "rgchapter.shirtsize", "pk": 9, "fields": {"size_short": "S", "size_long": "Male S", "order": 22, "chapter": 4}}, {"model": "rgchapter.shirtsize", "pk": 10, "fields": {"size_short": "M", "size_long": "Male M", "order": 24, "chapter": 4}}, {"model": "rgchapter.shirtsize", "pk": 11, "fields": {"size_short": "L", "size_long": "Male L", "order": 26, "chapter": 4}}, {"model": "rgchapter.shirtsize", "pk": 12, "fields": {"size_short": "XL", "size_long": "Male XL", "order": 28, "chapter": 4}}, {"model": "rgchapter.shirtsize", "pk": 13, "fields": {"size_short": "2XL", "size_long": "Male 2XL", "order": 30, "chapter": 4}}, {"model": "rgchapter.shirtsize", "pk": 14, "fields": {"size_short": "3XL", "size_long": "Male 3XL", "order": 32, "chapter": 4}}, {"model": "rgchapter.shirtsize", "pk": 15, "fields": {"size_short": "5XL", "size_long": "Male 5XL", "order": 34, "chapter": 4}}, {"model": "rgchapter.shirtsize", "pk": 16, "fields": {"size_short": "XS", "size_long": "Extra Small", "order": 1, "chapter": 20}}, {"model": "rgchapter.shirtsize", "pk": 17, "fields": {"size_short": "S", "size_long": "Small", "order": 2, "chapter": 20}}, {"model": "rgchapter.shirtsize", "pk": 18, "fields": {"size_short": "M", "size_long": "Medium", "order": 3, "chapter": 20}}, {"model": "rgchapter.shirtsize", "pk": 19, "fields": {"size_short": "L", "size_long": "Large", "order": 4, "chapter": 20}}, {"model": "rgchapter.shirtsize", "pk": 20, "fields": {"size_short": "XL", "size_long": "Extra Large", "order": 5, "chapter": 20}}, {"model": "rgchapter.award", "pk": 1, "fields": {"award_name": "Biggest Impact", "award_description": "Awarded to the Robogals chapter to have had the biggest impact on increasing girls' interest in engineering. This is a deliberately broad definition, so that all activities run by a Robogals chapter are counted!", "award_type": 0}}, {"model": "rgchapter.award", "pk": 2, "fields": {"award_name": "Most Girls Taught", "award_description": "Awarded to the chapter that teaches the most number of girls through robotics workshops organised primarily by the Robogals chapter, either by visiting the school or having the school visit your uni. This particular award is for robotics workshops only and does not include girls impacted in other ways.\r\n\r\nGirls count as 1 the first time they participate in a robotics workshop, and 0.5 for every subsequent visit.  This is an attempt to strike a good balance between rewarding breadth and rewarding depth.  Boys attending robotics workshops are not counted towards this award.", "award_type": 0}}, {"model": "rgchapter.award", "pk": 3, "fields": {"award_name": "Best Community", "award_description": "Awarded to the chapter that has the most vibrant Robogals community on campus, as determined by the number of members, social events, and camaraderie amongst members and particularly amongst the executive committee.", "award_type": 1}}, {"model": "rgchapter.award", "pk": 4, "fields": {"award_name": "Best Communication", "award_description": "Awarded to the chapter that communicated the most clearly, effectively and frequently.", "award_type": 1}}, {"model": "rgchapter.award", "pk": 5, "fields": {"award_name": "Most Initiative", "award_description": "Awarded to the chapter that demonstrated the most initiative or creativity in robotics workshops, events, recruitment strategies or any other area.", "award_type": 1}}, {"model": "rgchapter.award", "pk": 6, "fields": {"award_name": "Most Integrity", "award_description": "This is perhaps a strange name for an award, but since one of our Robogals values is \"integrity\", defined as \"being your word\", we have an award for it.", "award_type": 1}}, {"model": "rgchapter.award", "pk": 7, "fields": {"award_name": "Best Event", "award_description": "Awarded to the chapter that runs the best event during the year. Criteria include the number of attendees (particularly the number of schoolgirls), how well-organised the event was, and how effective it was at increasing girls' interest in engineering.", "award_type": 1}}, {"model": "rgchapter.award", "pk": 8, "fields": {"award_name": "Best Publicity", "award_description": "Awarded for the best publicity received in the media or other forums. Criteria include the reach of the publicity, and how well Robogals was portrayed.", "award_type": 1}}, {"model": "rgchapter.award", "pk": 9, "fields": {"award_name": "Most Creative", "award_description": "Awarded to the most creative chapter. This award is no longer awarded; it has been somewhat superseded by Most Initiative.", "award_type": 1}}, {"model": "rgchapter.award", "pk": 10, "fields": {"award_name": "Best Teamwork", "award_description": "Awarded to the chapter that demonstrated the best teamwork throughout the year. This award is no longer awarded; it has been superseded by Best Community.", "award_type": 1}}, {"model": "rgchapter.award", "pk": 11, "fields": {"award_name": "Most Facebook Fans", "award_description": "For the chapter that had the most Facebook fans. This award is no longer awarded.", "award_type": 1}}, {"model": "rgchapter.award", "pk": 12, "fields": {"award_name": "Biggest Impact - Honorable Mention", "award_description": "For those chapters that were awesome but didn't quite make Biggest Impact :)", "award_type": 1}}, {"model": "rgchapter.awardrecipient", "pk": 1, "fields": {"year": 2010, "description": "", "chapter": 3, "award": 1, "region": 0}}, {"model": "rgchapter.awardrecipient", "pk": 2, "fields": {"year": 2010, "description": "", "chapter": 4, "award": 2, "region": 0}}, {"model": "rgchapter.awardrecipient", "pk": 3, "fields": {"year": 2010, "description": "", "chapter": 3, "award": 10, "region": 0}}, {"model": "rgchapter.awardrecipient", "pk": 5, "fields": {"year": 2010, "description": "for their Robogals Science and Engineering Expo", "chapter": 3, "award": 7, "region": 0}}, {"model": "rgchapter.awardrecipient", "pk": 8, "fields": {"year": 2011, "description": "", "chapter": 9, "award": 1, "region": 1}}, {"model": "rgchapter.awardrecipient", "pk": 9, "fields": {"year": 2011, "description": "", "chapter": 14, "award": 2, "region": 1}}, {"model": "rgchapter.awardrecipient", "pk": 10, "fields": {"year": 2011, "description": "- 20 trained volunteers (not including exec and Global)\r\n- 175 members on myRobogals\r\n- Sent 40 emails to all of these members during the year\r\n", "chapter": 3, "award": 3, "region": 0}}, {"model": "rgchapter.awardrecipient", "pk": 13, "fields": {"year": 2011, "description": "- Gave a very honest presentation at the SINE despite their setbacks this year\r\n- Focusing like a laser beam on Robogals' core activity of robotics workshops (i.e. conducting themselves in line with what we say is the most important thing - robotics workshops - which is \u201cdoing what we said we would do\u201d)\r\n- Already have 10 schools lined up to teach in the coming year\r\n- Ensured they maintained their relationships with other organisations even though they couldn't help them out this time", "chapter": 4, "award": 6, "region": 0}}, {"model": "rgchapter.awardrecipient", "pk": 16, "fields": {"year": 2011, "description": "Taught 279 girls in the period 10/09/2010 to 24/09/2011 according to the above method of counting.  The next best chapter was 144!  These guys blitzed it!", "chapter": 3, "award": 2, "region": 0}}, {"model": "rgchapter.awardrecipient", "pk": 18, "fields": {"year": 2012, "description": "For their robotics workshops at the London Science Museum", "chapter": 9, "award": 7, "region": 1}}, {"model": "rgchapter.awardrecipient", "pk": 19, "fields": {"year": 2012, "description": "For teaching robotics workshops to 214.5 girls in the period Feb 2011 to Feb 2012 (weighted girl-visits: 1 for first visit and 0.5 for repeat visit)", "chapter": 9, "award": 2, "region": 1}}, {"model": "rgchapter.awardrecipient", "pk": 20, "fields": {"year": 2012, "description": "", "chapter": 14, "award": 3, "region": 1}}, {"model": "rgchapter.awardrecipient", "pk": 23, "fields": {"year": 2012, "description": "", "chapter": 14, "award": 12, "region": 1}}, {"model": "rgchapter.awardrecipient", "pk": 28, "fields": {"year": 2012, "description": "", "chapter": 9, "award": 1, "region": 1}}, {"model": "rgteaching.school", "pk": 1, "fields": {"contact_person": "", "contact_phone": "", "name": "Melbourne Girls High School", "contact_email": "", "notes": "", "address_country": "AU", "contact_position": "", "address_city": "", "address_postcode": "", "address_street": "1 Anywhere Street\r\nMelbourne VIC 3000", "chapter": 3, "address_state": ""}}, {"model": "rgteaching.schoolvisitstats", "pk": 1, "fields": {"primary_girls_first": 20, "primary_boys_first": 10, "other_girls_repeat": null, "high_girls_first": null, "primary_boys_repeat": null, "notes": "Was a great lesson!", "visit": 1, "other_girls_first": null, "visit_type": 0, "high_girls_repeat": null, "primary_girls_repeat": null, "other_boys_first": null, "high_boys_first": null, "other_boys_repeat": null, "high_boys_repeat": null}}, {"model": "rgmessages.subscribertype", "pk": 1, "fields": {"description": "Uni student", "order": 1, "public": true}}, {"model": "rgmessages.subscribertype", "pk": 2, "fields": {"description": "School student", "order": 2, "public": true}}, {"model": "rgmessages.subscribertype", "pk": 3, "fields": {"description": "Faculty", "order": 3, "public": true}}, {"model": "rgmessages.subscribertype", "pk": 4, "fields": {"description": "Corporate", "order": 4, "public": true}}, {"model": "rgmessages.subscribertype", "pk": 5, "fields": {"description": "Sponsor/Partner", "order": 5, "public": false}}, {"model": "rgmessages.subscribertype", "pk": 6, "fields": {"description": "Friend", "order": 6, "public": false}}, {"model": "rgmessages.subscribertype", "pk": 7, "fields": {"description": "Parent of school student", "order": 7, "public": true}}, {"model": "rgmessages.subscribertype", "pk": 8, "fields": {"description": "Other", "order": 8, "public": true}}, {"model": "rgmessages.subscribertype", "pk": 9, "fields": {"description": "Teacher", "order": 9, "public": true}}, {"model": "auth.permission", "pk": 1, "fields": {"codename": "add_permission", "name": "Can add permission", "content_type": 1}}, {"model": "auth.permission", "pk": 2, "fields": {"codename": "change_permission", "name": "Can change permission", "content_type": 1}}, {"model": "auth.permission", "pk": 3, "fields": {"codename": "delete_permission", "name": "Can delete permission", "content_type": 1}}, {"model": "auth.permission", "pk": 4, "fields": {"codename": "add_timezone", "name": "Can add timezone", "content_type": 2}}, {"model": "auth.permission", "pk": 5, "fields": {"codename": "change_timezone", "name": "Can change timezone", "content_type": 2}}, {"model": "auth.permission", "pk": 6, "fields": {"codename": "delete_timezone", "name": "Can delete timezone", "content_type": 2}}, {"model": "auth.permission", "pk": 7, "fields": {"codename": "add_emaildomain", "name": "Can add email domain", "content_type": 3}}, {"model": "auth.permission", "pk": 8, "fields": {"codename": "change_emaildomain", "name": "Can change email domain", "content_type": 3}}, {"model": "auth.permission", "pk": 9, "fields": {"codename": "delete_emaildomain", "name": "Can delete email domain", "content_type": 3}}, {"model": "auth.permission", "pk": 10, "fields": {"codename": "add_group", "name": "Can add chapter", "content_type": 4}}, {"model": "auth.permission", "pk": 11, "fields": {"codename": "change_group", "name": "Can change chapter", "content_type": 4}}, {"model": "auth.permission", "pk": 12, "fields": {"codename": "delete_group", "name": "Can delete chapter", "content_type": 4}}, {"model": "auth.permission", "pk": 13, "fields": {"codename": "add_memberstatustype", "name": "Can add member status", "content_type": 5}}, {"model": "auth.permission", "pk": 14, "fields": {"codename": "change_memberstatustype", "name": "Can change member status", "content_type": 5}}, {"model": "auth.permission", "pk": 15, "fields": {"codename": "delete_memberstatustype", "name": "Can delete member status", "content_type": 5}}, {"model": "auth.permission", "pk": 16, "fields": {"codename": "add_memberstatus", "name": "Can add member status", "content_type": 6}}, {"model": "auth.permission", "pk": 17, "fields": {"codename": "change_memberstatus", "name": "Can change member status", "content_type": 6}}, {"model": "auth.permission", "pk": 18, "fields": {"codename": "delete_memberstatus", "name": "Can delete member status", "content_type": 6}}, {"model": "auth.permission", "pk": 19, "fields": {"codename": "add_user", "name": "Can add member", "content_type": 7}}, {"model": "auth.permission", "pk": 20, "fields": {"codename": "change_user", "name": "Can change member", "content_type": 7}}, {"model": "auth.permission", "pk": 21, "fields": {"codename": "delete_user", "name": "Can delete member", "content_type": 7}}, {"model": "auth.permission", "pk": 22, "fields": {"codename": "add_logentry", "name": "Can add log entry", "content_type": 8}}, {"model": "auth.permission", "pk": 23, "fields": {"codename": "change_logentry", "name": "Can change log entry", "content_type": 8}}, {"model": "auth.permission", "pk": 24, "fields": {"codename": "delete_logentry", "name": "Can delete log entry", "content_type": 8}}, {"model": "auth.permission", "pk": 25, "fields": {"codename": "add_contenttype", "name": "Can add content type", "content_type": 9}}, {"model": "auth.permission", "pk": 26, "fields": {"codename": "change_contenttype", "name": "Can change content type", "content_type": 9}}, {"model": "auth.permission", "pk": 27, "fields": {"codename": "delete_contenttype", "name": "Can delete content type", "content_type": 9}}, {"model": "auth.permission", "pk": 28, "fields": {"codename": "add_session", "name": "Can add session", "content_type": 10}}, {"model": "auth.permission", "pk": 29, "fields": {"codename": "change_session", "name": "Can change session", "content_type": 10}}, {"model": "auth.permission", "pk": 30, "fields": {"codename": "delete_session", "name": "Can delete session", "content_type": 10}}, {"model": "auth.permission", "pk": 31, "fields": {"codename": "add_university", "name": "Can add university", "content_type": 11}}, {"model": "auth.permission", "pk": 32, "fields": {"codename": "change_university", "name": "Can change university", "content_type": 11}}, {"model": "auth.permission", "pk": 33, "fields": {"codename": "delete_university", "name": "Can delete university", "content_type": 11}}, {"model": "auth.permission", "pk": 34, "fields": {"codename": "add_country", "name": "Can add country", "content_type": 12}}, {"model": "auth.permission", "pk": 35, "fields": {"codename": "change_country", "name": "Can change country", "content_type": 12}}, {"model": "auth.permission", "pk": 36, "fields": {"codename": "delete_country", "name": "Can delete country", "content_type": 12}}, {"model": "auth.permission", "pk": 37, "fields": {"codename": "add_subdivision", "name": "Can add subdivision", "content_type": 13}}, {"model": "auth.permission", "pk": 38, "fields": {"codename": "change_subdivision", "name": "Can change subdivision", "content_type": 13}}, {"model": "auth.permission", "pk": 39, "fields": {"codename": "delete_subdivision", "name": "Can delete subdivision", "content_type": 13}}, {"model": "auth.permission", "pk": 40, "fields": {"codename": "add_mobileregexcollection", "name": "Can add mobile regex collection", "content_type": 14}}, {"model": "auth.permission", "pk": 41, "fields": {"codename": "change_mobileregexcollection", "name": "Can change mobile regex collection", "content_type": 14}}, {"model": "auth.permission", "pk": 42, "fields": {"codename": "delete_mobileregexcollection", "name": "Can delete mobile regex collection", "content_type": 14}}, {"model": "auth.permission", "pk": 43, "fields": {"codename": "add_mobileregex", "name": "Can add mobile regex", "content_type": 15}}, {"model": "auth.permission", "pk": 44, "fields": {"codename": "change_mobileregex", "name": "Can change mobile regex", "content_type": 15}}, {"model": "auth.permission", "pk": 45, "fields": {"codename": "delete_mobileregex", "name": "Can delete mobile regex", "content_type": 15}}, {"model": "auth.permission", "pk": 46, "fields": {"codename": "add_positiontype", "name": "Can add position type", "content_type": 16}}, {"model": "auth.permission", "pk": 47, "fields": {"codename": "change_positiontype", "name": "Can change position type", "content_type": 16}}, {"model": "auth.permission", "pk": 48, "fields": {"codename": "delete_positiontype", "name": "Can delete position type", "content_type": 16}}, {"model": "auth.permission", "pk": 49, "fields": {"codename": "add_position", "name": "Can add position", "content_type": 17}}, {"model": "auth.permission", "pk": 50, "fields": {"codename": "change_position", "name": "Can change position", "content_type": 17}}, {"model": "auth.permission", "pk": 51, "fields": {"codename": "delete_position", "name": "Can delete position", "content_type": 17}}, {"model": "auth.permission", "pk": 52, "fields": {"codename": "add_userlist", "name": "Can add user list", "content_type": 18}}, {"model": "auth.permission", "pk": 53, "fields": {"codename": "change_userlist", "name": "Can change user list", "content_type": 18}}, {"model": "auth.permission", "pk": 54, "fields": {"codename": "delete_userlist", "name": "Can delete user list", "content_type": 18}}, {"model": "auth.permission", "pk": 55, "fields": {"codename": "add_displaycolumn", "name": "Can add Column display name", "content_type": 19}}, {"model": "auth.permission", "pk": 56, "fields": {"codename": "change_displaycolumn", "name": "Can change Column display name", "content_type": 19}}, {"model": "auth.permission", "pk": 57, "fields": {"codename": "delete_displaycolumn", "name": "Can delete Column display name", "content_type": 19}}, {"model": "auth.permission", "pk": 58, "fields": {"codename": "add_shirtsize", "name": "Can add T-shirt size", "content_type": 20}}, {"model": "auth.permission", "pk": 59, "fields": {"codename": "change_shirtsize", "name": "Can change T-shirt size", "content_type": 20}}, {"model": "auth.permission", "pk": 60, "fields": {"codename": "delete_shirtsize", "name": "Can delete T-shirt size", "content_type": 20}}, {"model": "auth.permission", "pk": 61, "fields": {"codename": "add_award", "name": "Can add Award", "content_type": 21}}, {"model": "auth.permission", "pk": 62, "fields": {"codename": "change_award", "name": "Can change Award", "content_type": 21}}, {"model": "auth.permission", "pk": 63, "fields": {"codename": "delete_award", "name": "Can delete Award", "content_type": 21}}, {"model": "auth.permission", "pk": 64, "fields": {"codename": "add_awardrecipient", "name": "Can add Award recipient", "content_type": 22}}, {"model": "auth.permission", "pk": 65, "fields": {"codename": "change_awardrecipient", "name": "Can change Award recipient", "content_type": 22}}, {"model": "auth.permission", "pk": 66, "fields": {"codename": "delete_awardrecipient", "name": "Can delete Award recipient", "content_type": 22}}, {"model": "auth.permission", "pk": 67, "fields": {"codename": "add_school", "name": "Can add school", "content_type": 23}}, {"model": "auth.permission", "pk": 68, "fields": {"codename": "change_school", "name": "Can change school", "content_type": 23}}, {"model": "auth.permission", "pk": 69, "fields": {"codename": "delete_school", "name": "Can delete school", "content_type": 23}}, {"model": "auth.permission", "pk": 70, "fields": {"codename": "add_directoryschool", "name": "Can add directory school", "content_type": 24}}, {"model": "auth.permission", "pk": 71, "fields": {"codename": "change_directoryschool", "name": "Can change directory school", "content_type": 24}}, {"model": "auth.permission", "pk": 72, "fields": {"codename": "delete_directoryschool", "name": "Can delete directory school", "content_type": 24}}, {"model": "auth.permission", "pk": 73, "fields": {"codename": "add_starschooldirectory", "name": "Can add star school directory", "content_type": 25}}, {"model": "auth.permission", "pk": 74, "fields": {"codename": "change_starschooldirectory", "name": "Can change star school directory", "content_type": 25}}, {"model": "auth.permission", "pk": 75, "fields": {"codename": "delete_starschooldirectory", "name": "Can delete star school directory", "content_type": 25}}, {"model": "auth.permission", "pk": 76, "fields": {"codename": "add_event", "name": "Can add event", "content_type": 26}}, {"model": "auth.permission", "pk": 77, "fields": {"codename": "change_event", "name": "Can change event", "content_type": 26}}, {"model": "auth.permission", "pk": 78, "fields": {"codename": "delete_event", "name": "Can delete event", "content_type": 26}}, {"model": "auth.permission", "pk": 79, "fields": {"codename": "add_schoolvisit", "name": "Can add school visit", "content_type": 27}}, {"model": "auth.permission", "pk": 80, "fields": {"codename": "change_schoolvisit", "name": "Can change school visit", "content_type": 27}}, {"model": "auth.permission", "pk": 81, "fields": {"codename": "delete_schoolvisit", "name": "Can delete school visit", "content_type": 27}}, {"model": "auth.permission", "pk": 82, "fields": {"codename": "add_eventmessage", "name": "Can add event message", "content_type": 28}}, {"model": "auth.permission", "pk": 83, "fields": {"codename": "change_eventmessage", "name": "Can change event message", "content_type": 28}}, {"model": "auth.permission", "pk": 84, "fields": {"codename": "delete_eventmessage", "name": "Can delete event message", "content_type": 28}}, {"model": "auth.permission", "pk": 85, "fields": {"codename": "add_trainingsession", "name": "Can add training session", "content_type": 29}}, {"model": "auth.permission", "pk": 86, "fields": {"codename": "change_trainingsession", "name": "Can change training session", "content_type": 29}}, {"model": "auth.permission", "pk": 87, "fields": {"codename": "delete_trainingsession", "name": "Can delete training session", "content_type": 29}}, {"model": "auth.permission", "pk": 88, "fields": {"codename": "add_eventattendee", "name": "Can add event attendee", "content_type": 30}}, {"model": "auth.permission", "pk": 89, "fields": {"codename": "change_eventattendee", "name": "Can change event attendee", "content_type": 30}}, {"model": "auth.permission", "pk": 90, "fields": {"codename": "delete_eventattendee", "name": "Can delete event attendee", "content_type": 30}}, {"model": "auth.permission", "pk": 91, "fields": {"codename": "add_schoolvisitstats", "name": "Can add workshop stats", "content_type": 31}}, {"model": "auth.permission", "pk": 92, "fields": {"codename": "change_schoolvisitstats", "name": "Can change workshop stats", "content_type": 31}}, {"model": "auth.permission", "pk": 93, "fields": {"codename": "delete_schoolvisitstats", "name": "Can delete workshop stats", "content_type": 31}}, {"model": "auth.permission", "pk": 94, "fields": {"codename": "add_messagessettings", "name": "Can add setting", "content_type": 32}}, {"model": "auth.permission", "pk": 95, "fields": {"codename": "change_messagessettings", "name": "Can change setting", "content_type": 32}}, {"model": "auth.permission", "pk": 96, "fields": {"codename": "delete_messagessettings", "name": "Can delete setting", "content_type": 32}}, {"model": "auth.permission", "pk": 97, "fields": {"codename": "add_emailfile", "name": "Can add email file", "content_type": 33}}, {"model": "auth.permission", "pk": 98, "fields": {"codename": "change_emailfile", "name": "Can change email file", "content_type": 33}}, {"model": "auth.permission", "pk": 99, "fields": {"codename": "delete_emailfile", "name": "Can delete email file", "content_type": 33}}, {"model": "auth.permission", "pk": 100, "fields": {"codename": "add_emailheader", "name": "Can add email header", "content_type": 34}}, {"model": "auth.permission", "pk": 101, "fields": {"codename": "change_emailheader", "name": "Can change email header", "content_type": 34}}, {"model": "auth.permission", "pk": 102, "fields": {"codename": "delete_emailheader", "name": "Can delete email header", "content_type": 34}}, {"model": "auth.permission", "pk": 103, "fields": {"codename": "add_emailmessage", "name": "Can add email message", "content_type": 35}}, {"model": "auth.permission", "pk": 104, "fields": {"codename": "change_emailmessage", "name": "Can change email message", "content_type": 35}}, {"model": "auth.permission", "pk": 105, "fields": {"codename": "delete_emailmessage", "name": "Can delete email message", "content_type": 35}}, {"model": "auth.permission", "pk": 106, "fields": {"codename": "add_emailrecipient", "name": "Can add email recipient", "content_type": 36}}, {"model": "auth.permission", "pk": 107, "fields": {"codename": "change_emailrecipient", "name": "Can change email recipient", "content_type": 36}}, {"model": "auth.permission", "pk": 108, "fields": {"codename": "delete_emailrecipient", "name": "Can delete email recipient", "content_type": 36}}, {"model": "auth.permission", "pk": 109, "fields": {"codename": "add_smsmessage", "name": "Can add SMS message", "content_type": 37}}, {"model": "auth.permission", "pk": 110, "fields": {"codename": "change_smsmessage", "name": "Can change SMS message", "content_type": 37}}, {"model": "auth.permission", "pk": 111, "fields": {"codename": "delete_smsmessage", "name": "Can delete SMS message", "content_type": 37}}, {"model": "auth.permission", "pk": 112, "fields": {"codename": "add_smsrecipient", "name": "Can add sms recipient", "content_type": 38}}, {"model": "auth.permission", "pk": 113, "fields": {"codename": "change_smsrecipient", "name": "Can change sms recipient", "content_type": 38}}, {"model": "auth.permission", "pk": 114, "fields": {"codename": "delete_smsrecipient", "name": "Can delete sms recipient", "content_type": 38}}, {"model": "auth.permission", "pk": 115, "fields": {"codename": "add_newsletter", "name": "Can add newsletter", "content_type": 39}}, {"model": "auth.permission", "pk": 116, "fields": {"codename": "change_newsletter", "name": "Can change newsletter", "content_type": 39}}, {"model": "auth.permission", "pk": 117, "fields": {"codename": "delete_newsletter", "name": "Can delete newsletter", "content_type": 39}}, {"model": "auth.permission", "pk": 118, "fields": {"codename": "add_subscribertype", "name": "Can add subscriber type", "content_type": 40}}, {"model": "auth.permission", "pk": 119, "fields": {"codename": "change_subscribertype", "name": "Can change subscriber type", "content_type": 40}}, {"model": "auth.permission", "pk": 120, "fields": {"codename": "delete_subscribertype", "name": "Can delete subscriber type", "content_type": 40}}, {"model": "auth.permission", "pk": 121, "fields": {"codename": "add_newslettersubscriber", "name": "Can add newsletter subscriber", "content_type": 41}}, {"model": "auth.permission", "pk": 122, "fields": {"codename": "change_newslettersubscriber", "name": "Can change newsletter subscriber", "content_type": 41}}, {"model": "auth.permission", "pk": 123, "fields": {"codename": "delete_newslettersubscriber", "name": "Can delete newsletter subscriber", "content_type": 41}}, {"model": "auth.permission", "pk": 124, "fields": {"codename": "add_pendingnewslettersubscriber", "name": "Can add pending newsletter subscriber", "content_type": 42}}, {"model": "auth.permission", "pk": 125, "fields": {"codename": "change_pendingnewslettersubscriber", "name": "Can change pending newsletter subscriber", "content_type": 42}}, {"model": "auth.permission", "pk": 126, "fields": {"codename": "delete_pendingnewslettersubscriber", "name": "Can delete pending newsletter subscriber", "content_type": 42}}, {"model": "auth.permission", "pk": 127, "fields": {"codename": "add_website", "name": "Can add website", "content_type": 43}}, {"model": "auth.permission", "pk": 128, "fields": {"codename": "change_website", "name": "Can change website", "content_type": 43}}, {"model": "auth.permission", "pk": 129, "fields": {"codename": "delete_website", "name": "Can delete website", "content_type": 43}}, {"model": "auth.permission", "pk": 130, "fields": {"codename": "add_category", "name": "Can add category", "content_type": 44}}, {"model": "auth.permission", "pk": 131, "fields": {"codename": "change_category", "name": "Can change category", "content_type": 44}}, {"model": "auth.permission", "pk": 132, "fields": {"codename": "delete_category", "name": "Can delete category", "content_type": 44}}, {"model": "auth.permission", "pk": 133, "fields": {"codename": "add_forum", "name": "Can add forum", "content_type": 45}}, {"model": "auth.permission", "pk": 134, "fields": {"codename": "change_forum", "name": "Can change forum", "content_type": 45}}, {"model": "auth.permission", "pk": 135, "fields": {"codename": "delete_forum", "name": "Can delete forum", "content_type": 45}}, {"model": "auth.permission", "pk": 136, "fields": {"codename": "add_topic", "name": "Can add topic", "content_type": 46}}, {"model": "auth.permission", "pk": 137, "fields": {"codename": "change_topic", "name": "Can change topic", "content_type": 46}}, {"model": "auth.permission", "pk": 138, "fields": {"codename": "delete_topic", "name": "Can delete topic", "content_type": 46}}, {"model": "auth.permission", "pk": 139, "fields": {"codename": "add_postfile", "name": "Can add post file", "content_type": 47}}, {"model": "auth.permission", "pk": 140, "fields": {"codename": "change_postfile", "name": "Can change post file", "content_type": 47}}, {"model": "auth.permission", "pk": 141, "fields": {"codename": "delete_postfile", "name": "Can delete post file", "content_type": 47}}, {"model": "auth.permission", "pk": 142, "fields": {"codename": "add_post", "name": "Can add post", "content_type": 48}}, {"model": "auth.permission", "pk": 143, "fields": {"codename": "change_post", "name": "Can change post", "content_type": 48}}, {"model": "auth.permission", "pk": 144, "fields": {"codename": "delete_post", "name": "Can delete post", "content_type": 48}}, {"model": "auth.permission", "pk": 145, "fields": {"codename": "add_vote", "name": "Can add vote", "content_type": 49}}, {"model": "auth.permission", "pk": 146, "fields": {"codename": "change_vote", "name": "Can change vote", "content_type": 49}}, {"model": "auth.permission", "pk": 147, "fields": {"codename": "delete_vote", "name": "Can delete vote", "content_type": 49}}, {"model": "auth.permission", "pk": 148, "fields": {"codename": "add_offense", "name": "Can add Offense", "content_type": 50}}, {"model": "auth.permission", "pk": 149, "fields": {"codename": "change_offense", "name": "Can change Offense", "content_type": 50}}, {"model": "auth.permission", "pk": 150, "fields": {"codename": "delete_offense", "name": "Can delete Offense", "content_type": 50}}, {"model": "auth.permission", "pk": 151, "fields": {"codename": "add_forumsettings", "name": "Can add setting", "content_type": 51}}, {"model": "auth.permission", "pk": 152, "fields": {"codename": "change_forumsettings", "name": "Can change setting", "content_type": 51}}, {"model": "auth.permission", "pk": 153, "fields": {"codename": "delete_forumsettings", "name": "Can delete setting", "content_type": 51}}, {"model": "auth.permission", "pk": 154, "fields": {"codename": "add_conference", "name": "Can add conference", "content_type": 52}}, {"model": "auth.permission", "pk": 155, "fields": {"codename": "change_conference", "name": "Can change conference", "content_type": 52}}, {"model": "auth.permission", "pk": 156, "fields": {"codename": "delete_conference", "name": "Can delete conference", "content_type": 52}}, {"model": "auth.permission", "pk": 157, "fields": {"codename": "add_conferencecurrency", "name": "Can add currency", "content_type": 53}}, {"model": "auth.permission", "pk": 158, "fields": {"codename": "change_conferencecurrency", "name": "Can change currency", "content_type": 53}}, {"model": "auth.permission", "pk": 159, "fields": {"codename": "delete_conferencecurrency", "name": "Can delete currency", "content_type": 53}}, {"model": "auth.permission", "pk": 160, "fields": {"codename": "add_conferencepart", "name": "Can add part", "content_type": 54}}, {"model": "auth.permission", "pk": 161, "fields": {"codename": "change_conferencepart", "name": "Can change part", "content_type": 54}}, {"model": "auth.permission", "pk": 162, "fields": {"codename": "delete_conferencepart", "name": "Can delete part", "content_type": 54}}, {"model": "auth.permission", "pk": 163, "fields": {"codename": "add_conferenceattendee", "name": "Can add attendee", "content_type": 55}}, {"model": "auth.permission", "pk": 164, "fields": {"codename": "change_conferenceattendee", "name": "Can change attendee", "content_type": 55}}, {"model": "auth.permission", "pk": 165, "fields": {"codename": "delete_conferenceattendee", "name": "Can delete attendee", "content_type": 55}}, {"model": "auth.permission", "pk": 166, "fields": {"codename": "add_conferencepayment", "name": "Can add payment", "content_type": 56}}, {"model": "auth.permission", "pk": 167, "fields": {"codename": "change_conferencepayment", "name": "Can change payment", "content_type": 56}}, {"model": "auth.permission", "pk": 168, "fields": {"codename": "delete_conferencepayment", "name": "Can delete payment", "content_type": 56}}, {"model": "auth.user", "pk": 1, "fields": {"last_login": "2012-02-26T23:39:42", "date_joined": "2008-07-14T00:00:00", "job_title": "", "internal_notes": "", "is_staff": true, "privacy": 20, "name_display": null, "password": "sha1$94a0b$60b025513f86dc59ea0ab56a867913dde887ff28", "website": "", "email_chapter_optin": true, "photo": "profilepics/marita.jpg", "user_permissions": [], "alt_email": "", "trained": false, "dob": null, "first_name": "Marita", "dob_public": false, "uni_end": "2012-07-01", "tshirt": null, "course_type": 0, "username": "marita", "mobile": "", "email_othernewsletter_optin": true, "mobile_verified": false, "email_careers_newsletter_AU_optin": false, "union_member": true, "uni_start": "2007-02-01", "new_email": "", "is_active": true, "is_superuser": true, "bio": "I love robots", "mobile_marketing_optin": true, "student_number": "", "email_public": false, "email_newsletter_optin": true, "email": "marita@notrealaddress.com", "timezone": null, "student_type": 0, "aliases": [], "course": "Mechatronics Engineering & Computer Science", "company": "", "mobile_reminder_optin": true, "email_reminder_optin": true, "last_name": "Cheng", "university": 1, "security_check": false, "forum_last_act": "2015-08-29T18:54:46.860", "chapter": 1, "gender": 2}}, {"model": "auth.user", "pk": 5, "fields": {"last_login": "2012-04-19T09:17:09", "date_joined": "2008-07-14T00:00:00", "job_title": "", "internal_notes": "", "is_staff": true, "privacy": 20, "name_display": null, "password": "sha1$94a0b$60b025513f86dc59ea0ab56a867913dde887ff28", "website": "", "email_chapter_optin": true, "photo": "profilepics/mark.jpg", "user_permissions": [], "alt_email": "", "trained": true, "dob": null, "first_name": "Mark", "dob_public": false, "uni_end": "2011-11-01", "tshirt": 19, "course_type": 1, "username": "mark", "mobile": "", "email_othernewsletter_optin": true, "mobile_verified": false, "email_careers_newsletter_AU_optin": false, "union_member": true, "uni_start": "2007-03-01", "new_email": "", "is_active": true, "is_superuser": true, "bio": "What is this, MySpace!?", "mobile_marketing_optin": true, "student_number": "", "email_public": false, "email_newsletter_optin": true, "email": "mark@notrealaddress.com", "timezone": null, "student_type": 1, "aliases": [], "course": "Software Engineering, Arts", "company": "", "mobile_reminder_optin": true, "email_reminder_optin": true, "last_name": "Parncutt", "university": 1, "security_check": false, "forum_last_act": "2015-08-29T18:54:46.865", "chapter": 1, "gender": 1}}, {"model": "auth.user", "pk": 7, "fields": {"last_login": "2012-03-08T01:35:42", "date_joined": "2008-08-15T00:00:00", "job_title": "", "internal_notes": "", "is_staff": true, "privacy": 20, "name_display": null, "password": "sha1$94a0b$60b025513f86dc59ea0ab56a867913dde887ff28", "website": "", "email_chapter_optin": true, "photo": "", "user_permissions": [], "alt_email": "", "trained": false, "dob": null, "first_name": "Rebecca", "dob_public": false, "uni_end": "2012-11-01", "tshirt": null, "course_type": 1, "username": "britney", "mobile": "", "email_othernewsletter_optin": true, "mobile_verified": false, "email_careers_newsletter_AU_optin": false, "union_member": true, "uni_start": null, "new_email": "", "is_active": true, "is_superuser": false, "bio": "", "mobile_marketing_optin": true, "student_number": "", "email_public": true, "email_newsletter_optin": true, "email": "britney@notrealaddress.com", "timezone": null, "student_type": 1, "aliases": [], "course": "Bachelor of Commerce", "company": "", "mobile_reminder_optin": true, "email_reminder_optin": true, "last_name": "Martin", "university": 1, "security_check": false, "forum_last_act": "2015-08-29T18:54:46.767", "chapter": 1, "gender": 2}}, {"model": "auth.user", "pk": 30, "fields": {"last_login": "2012-03-10T08:56:29", "date_joined": "2009-10-01T00:00:00", "job_title": "", "internal_notes": "", "is_staff": true, "privacy": 20, "name_display": null, "password": "sha1$94a0b$60b025513f86dc59ea0ab56a867913dde887ff28", "website": "", "email_chapter_optin": true, "photo": "", "user_permissions": [], "alt_email": "", "trained": false, "dob": null, "first_name": "Neeshima", "dob_public": false, "uni_end": null, "tshirt": null, "course_type": 0, "username": "neeshima", "mobile": "", "email_othernewsletter_optin": true, "mobile_verified": false, "email_careers_newsletter_AU_optin": false, "union_member": false, "uni_start": null, "new_email": "", "is_active": true, "is_superuser": true, "bio": "", "mobile_marketing_optin": true, "student_number": "", "email_public": false, "email_newsletter_optin": true, "email": "neeshima@notrealaddress.com", "timezone": null, "student_type": 0, "aliases": [], "course": "Bachelor of Engineering and Bachelor of Economics", "company": "", "mobile_reminder_optin": true, "email_reminder_optin": true, "last_name": "Rao", "university": 6, "security_check": false, "forum_last_act": "2015-08-29T18:54:46.897", "chapter": 2, "gender": 2}}, {"model": "auth.user", "pk": 41, "fields": {"last_login": "2012-03-14T23:29:51", "date_joined": "2009-03-01T00:00:00", "job_title": "", "internal_notes": "", "is_staff": true, "privacy": 20, "name_display": null, "password": "sha1$94a0b$60b025513f86dc59ea0ab56a867913dde887ff28", "website": "", "email_chapter_optin": true, "photo": "", "user_permissions": [], "alt_email": "", "trained": false, "dob": null, "first_name": "Sonya", "dob_public": false, "uni_end": "2012-06-01", "tshirt": null, "course_type": 1, "username": "sonya", "mobile": "", "email_othernewsletter_optin": true, "mobile_verified": false, "email_careers_newsletter_AU_optin": false, "union_member": false, "uni_start": "2009-10-01", "new_email": "", "is_active": true, "is_superuser": true, "bio": "Only realised I do enjoy bits of engineering, and am becoming a bit too reliant on technology.", "mobile_marketing_optin": true, "student_number": "", "email_public": true, "email_newsletter_optin": true, "email": "sonya@notrealaddress.com", "timezone": null, "student_type": 2, "aliases": [], "course": "Electrical and Electronic Engineering", "company": "", "mobile_reminder_optin": false, "email_reminder_optin": false, "last_name": "Chan", "university": 2, "security_check": false, "forum_last_act": "2015-08-29T18:54:46.924", "chapter": 21, "gender": 2}}, {"model": "auth.user", "pk": 92, "fields": {"last_login": "2012-02-14T09:52:42", "date_joined": "2010-04-25T00:00:00", "job_title": "", "internal_notes": "", "is_staff": true, "privacy": 5, "name_display": null, "password": "sha1$94a0b$60b025513f86dc59ea0ab56a867913dde887ff28", "website": "", "email_chapter_optin": true, "photo": "", "user_permissions": [], "alt_email": "", "trained": false, "dob": null, "first_name": "Emma", "dob_public": false, "uni_end": null, "tshirt": null, "course_type": 0, "username": "emma", "mobile": "", "email_othernewsletter_optin": true, "mobile_verified": false, "email_careers_newsletter_AU_optin": false, "union_member": false, "uni_start": null, "new_email": "", "is_active": true, "is_superuser": true, "bio": "", "mobile_marketing_optin": true, "student_number": "", "email_public": true, "email_newsletter_optin": true, "email": "emma@notrealaddress.com", "timezone": null, "student_type": 0, "aliases": [], "course": "Civil Engineering", "company": "", "mobile_reminder_optin": true, "email_reminder_optin": true, "last_name": "Crichton", "university": 51, "security_check": false, "forum_last_act": "2015-08-29T18:54:46.814", "chapter": 8, "gender": 2}}, {"model": "auth.user", "pk": 117, "fields": {"last_login": "2011-08-04T08:27:42", "date_joined": "2010-04-25T00:00:00", "job_title": "", "internal_notes": "", "is_staff": true, "privacy": 0, "name_display": null, "password": "sha1$94a0b$60b025513f86dc59ea0ab56a867913dde887ff28", "website": "", "email_chapter_optin": true, "photo": "", "user_permissions": [], "alt_email": "", "trained": false, "dob": null, "first_name": "Karen", "dob_public": false, "uni_end": null, "tshirt": null, "course_type": 0, "username": "karen", "mobile": "", "email_othernewsletter_optin": true, "mobile_verified": false, "email_careers_newsletter_AU_optin": false, "union_member": false, "uni_start": null, "new_email": "", "is_active": true, "is_superuser": false, "bio": "", "mobile_marketing_optin": true, "student_number": "", "email_public": false, "email_newsletter_optin": true, "email": "karen@notrealaddress.com", "timezone": null, "student_type": 0, "aliases": [], "course": "Chemical Engineering", "company": "", "mobile_reminder_optin": true, "email_reminder_optin": true, "last_name": "Ng", "university": 2, "security_check": false, "forum_last_act": "2015-08-29T18:54:46.842", "chapter": 9, "gender": 2}}, {"model": "auth.user", "pk": 120, "fields": {"last_login": "2012-02-21T15:22:32", "date_joined": "2010-04-25T00:00:00", "job_title": "", "internal_notes": "", "is_staff": true, "privacy": 0, "name_display": null, "password": "sha1$94a0b$60b025513f86dc59ea0ab56a867913dde887ff28", "website": "", "email_chapter_optin": true, "photo": "", "user_permissions": [], "alt_email": "", "trained": false, "dob": null, "first_name": "Tahmida", "dob_public": false, "uni_end": null, "tshirt": null, "course_type": 0, "username": "tahmida", "mobile": "", "email_othernewsletter_optin": true, "mobile_verified": false, "email_careers_newsletter_AU_optin": false, "union_member": false, "uni_start": null, "new_email": "", "is_active": true, "is_superuser": false, "bio": "", "mobile_marketing_optin": true, "student_number": "", "email_public": false, "email_newsletter_optin": true, "email": "tahmida@notrealaddress.com", "timezone": null, "student_type": 0, "aliases": [], "course": "Material Science and Engineering", "company": "", "mobile_reminder_optin": true, "email_reminder_optin": true, "last_name": "Huq", "university": 2, "security_check": false, "forum_last_act": "2015-08-29T18:54:46.931", "chapter": 9, "gender": 2}}, {"model": "auth.user", "pk": 122, "fields": {"last_login": "2011-12-31T10:04:54", "date_joined": "2010-04-25T00:00:00", "job_title": "", "internal_notes": "", "is_staff": true, "privacy": 10, "name_display": null, "password": "sha1$94a0b$60b025513f86dc59ea0ab56a867913dde887ff28", "website": "", "email_chapter_optin": true, "photo": "", "user_permissions": [], "alt_email": "", "trained": false, "dob": null, "first_name": "Monique", "dob_public": false, "uni_end": "2012-06-01", "tshirt": null, "course_type": 1, "username": "monique", "mobile": "", "email_othernewsletter_optin": true, "mobile_verified": false, "email_careers_newsletter_AU_optin": false, "union_member": false, "uni_start": "2009-10-01", "new_email": "", "is_active": true, "is_superuser": false, "bio": "", "mobile_marketing_optin": true, "student_number": "", "email_public": true, "email_newsletter_optin": true, "email": "monique@notrealaddress.com", "timezone": null, "student_type": 2, "aliases": [], "course": "Biochemistry", "company": "", "mobile_reminder_optin": true, "email_reminder_optin": true, "last_name": "Ho", "university": 2, "security_check": false, "forum_last_act": "2015-08-29T18:54:46.877", "chapter": 9, "gender": 2}}, {"model": "auth.user", "pk": 152, "fields": {"last_login": "2011-11-16T01:31:00", "date_joined": "2010-09-10T00:00:00", "job_title": "", "internal_notes": "", "is_staff": true, "privacy": 10, "name_display": null, "password": "sha1$94a0b$60b025513f86dc59ea0ab56a867913dde887ff28", "website": "", "email_chapter_optin": true, "photo": "", "user_permissions": [], "alt_email": "", "trained": true, "dob": null, "first_name": "Tricia", "dob_public": false, "uni_end": "2012-12-01", "tshirt": null, "course_type": 0, "username": "tricia", "mobile": "", "email_othernewsletter_optin": true, "mobile_verified": false, "email_careers_newsletter_AU_optin": false, "union_member": false, "uni_start": "2009-03-01", "new_email": "", "is_active": true, "is_superuser": false, "bio": "", "mobile_marketing_optin": true, "student_number": "", "email_public": true, "email_newsletter_optin": true, "email": "tricia@notrealaddress.com", "timezone": null, "student_type": 0, "aliases": [], "course": "civil engineering", "company": "", "mobile_reminder_optin": true, "email_reminder_optin": true, "last_name": "Qiu", "university": 1, "security_check": false, "forum_last_act": "2015-08-29T18:54:46.944", "chapter": 3, "gender": 2}}, {"model": "auth.user", "pk": 178, "fields": {"last_login": "2012-03-04T08:08:08", "date_joined": "2010-10-29T10:38:58", "job_title": "", "internal_notes": "", "is_staff": true, "privacy": 10, "name_display": null, "password": "sha1$94a0b$60b025513f86dc59ea0ab56a867913dde887ff28", "website": "", "email_chapter_optin": true, "photo": "", "user_permissions": [], "alt_email": "", "trained": false, "dob": null, "first_name": "Mark", "dob_public": false, "uni_end": null, "tshirt": 10, "course_type": 0, "username": "markgardner14", "mobile": "", "email_othernewsletter_optin": true, "mobile_verified": false, "email_careers_newsletter_AU_optin": false, "union_member": true, "uni_start": null, "new_email": "", "is_active": true, "is_superuser": false, "bio": "", "mobile_marketing_optin": true, "student_number": "", "email_public": true, "email_newsletter_optin": true, "email": "markgardner14@notrealaddress.com", "timezone": null, "student_type": 0, "aliases": [], "course": "", "company": "", "mobile_reminder_optin": true, "email_reminder_optin": true, "last_name": "Gardner", "university": null, "security_check": false, "forum_last_act": "2015-08-29T18:54:46.871", "chapter": 4, "gender": 1}}, {"model": "auth.user", "pk": 190, "fields": {"last_login": "2011-10-08T10:14:59", "date_joined": "2010-11-17T10:28:10", "job_title": "", "internal_notes": "", "is_staff": true, "privacy": 5, "name_display": null, "password": "sha1$94a0b$60b025513f86dc59ea0ab56a867913dde887ff28", "website": "", "email_chapter_optin": true, "photo": "", "user_permissions": [], "alt_email": "", "trained": false, "dob": null, "first_name": "Laura", "dob_public": false, "uni_end": "2013-11-01", "tshirt": 2, "course_type": 1, "username": "tobor", "mobile": "", "email_othernewsletter_optin": true, "mobile_verified": false, "email_careers_newsletter_AU_optin": false, "union_member": false, "uni_start": "2009-03-01", "new_email": "", "is_active": true, "is_superuser": false, "bio": "...", "mobile_marketing_optin": true, "student_number": "", "email_public": false, "email_newsletter_optin": true, "email": "tobor@notrealaddress.com", "timezone": null, "student_type": 1, "aliases": [], "course": "Mechatronics/Mathematics", "company": "", "mobile_reminder_optin": true, "email_reminder_optin": true, "last_name": "Lau", "university": 3, "security_check": false, "forum_last_act": "2015-08-29T18:54:46.938", "chapter": 4, "gender": 2}}, {"model": "auth.user", "pk": 192, "fields": {"last_login": "2012-03-06T22:06:05", "date_joined": "2010-11-20T19:35:33", "job_title": "", "internal_notes": "", "is_staff": true, "privacy": 20, "name_display": null, "password": "sha1$94a0b$60b025513f86dc59ea0ab56a867913dde887ff28", "website": "", "email_chapter_optin": true, "photo": "", "user_permissions": [], "alt_email": "", "trained": true, "dob": null, "first_name": "EeJane", "dob_public": false, "uni_end": "2013-07-01", "tshirt": null, "course_type": 1, "username": "eelow", "mobile": "", "email_othernewsletter_optin": true, "mobile_verified": false, "email_careers_newsletter_AU_optin": false, "union_member": false, "uni_start": "2009-09-01", "new_email": "", "is_active": true, "is_superuser": false, "bio": "=]", "mobile_marketing_optin": false, "student_number": "", "email_public": true, "email_newsletter_optin": true, "email": "eelow@notrealaddress.com", "timezone": null, "student_type": 2, "aliases": [], "course": "Mechanical Engineering (Nuclear)", "company": "", "mobile_reminder_optin": false, "email_reminder_optin": true, "last_name": "Low", "university": 11, "security_check": false, "forum_last_act": "2015-08-29T18:54:46.801", "chapter": 14, "gender": 2}}, {"model": "auth.user", "pk": 257, "fields": {"last_login": "2012-03-10T05:25:08", "date_joined": "2011-02-20T23:43:15", "job_title": "", "internal_notes": "", "is_staff": true, "privacy": 5, "name_display": null, "password": "sha1$94a0b$60b025513f86dc59ea0ab56a867913dde887ff28", "website": "", "email_chapter_optin": true, "photo": "", "user_permissions": [], "alt_email": "", "trained": false, "dob": null, "first_name": "Irene", "dob_public": false, "uni_end": null, "tshirt": 1, "course_type": 0, "username": "Irene", "mobile": "", "email_othernewsletter_optin": true, "mobile_verified": false, "email_careers_newsletter_AU_optin": false, "union_member": false, "uni_start": null, "new_email": "", "is_active": true, "is_superuser": false, "bio": "", "mobile_marketing_optin": true, "student_number": "", "email_public": true, "email_newsletter_optin": true, "email": "Irene@notrealaddress.com", "timezone": null, "student_type": 0, "aliases": [], "course": "", "company": "", "mobile_reminder_optin": true, "email_reminder_optin": true, "last_name": "Tsimos", "university": null, "security_check": false, "forum_last_act": "2015-08-29T18:54:46.838", "chapter": 4, "gender": 2}}, {"model": "auth.user", "pk": 526, "fields": {"last_login": "2012-03-01T05:08:51", "date_joined": "2011-03-30T00:00:00", "job_title": "", "internal_notes": "", "is_staff": true, "privacy": 10, "name_display": null, "password": "sha1$94a0b$60b025513f86dc59ea0ab56a867913dde887ff28", "website": "", "email_chapter_optin": true, "photo": "", "user_permissions": [], "alt_email": "", "trained": true, "dob": null, "first_name": "Su Jin", "dob_public": false, "uni_end": null, "tshirt": null, "course_type": 0, "username": "khorsu", "mobile": "", "email_othernewsletter_optin": true, "mobile_verified": false, "email_careers_newsletter_AU_optin": false, "union_member": false, "uni_start": null, "new_email": "", "is_active": true, "is_superuser": false, "bio": "", "mobile_marketing_optin": true, "student_number": "", "email_public": true, "email_newsletter_optin": true, "email": "khorsu@notrealaddress.com", "timezone": null, "student_type": 0, "aliases": [], "course": "", "company": "", "mobile_reminder_optin": true, "email_reminder_optin": true, "last_name": "Khor", "university": null, "security_check": false, "forum_last_act": "2015-08-29T18:54:46.848", "chapter": 3, "gender": 2}}, {"model": "auth.user", "pk": 539, "fields": {"last_login": "2012-03-06T10:37:54", "date_joined": "2011-04-17T07:35:30", "job_title": "", "internal_notes": "", "is_staff": true, "privacy": 20, "name_display": null, "password": "sha1$94a0b$60b025513f86dc59ea0ab56a867913dde887ff28", "website": "", "email_chapter_optin": true, "photo": "", "user_permissions": [], "alt_email": "", "trained": false, "dob": null, "first_name": "Joanne", "dob_public": false, "uni_end": "2012-11-01", "tshirt": null, "course_type": 1, "username": "chancyj", "mobile": "", "email_othernewsletter_optin": true, "mobile_verified": false, "email_careers_newsletter_AU_optin": false, "union_member": false, "uni_start": null, "new_email": "", "is_active": true, "is_superuser": false, "bio": "", "mobile_marketing_optin": true, "student_number": "", "email_public": false, "email_newsletter_optin": true, "email": "chancyj@notrealaddress.com", "timezone": null, "student_type": 2, "aliases": [], "course": "Engineering", "company": "", "mobile_reminder_optin": true, "email_reminder_optin": true, "last_name": "Chan", "university": 1, "security_check": false, "forum_last_act": "2015-08-29T18:54:46.784", "chapter": 2, "gender": 2}}, {"model": "auth.user", "pk": 586, "fields": {"last_login": "2011-08-14T00:12:24", "date_joined": "2011-06-18T10:25:30", "job_title": "", "internal_notes": "", "is_staff": true, "privacy": 20, "name_display": null, "password": "sha1$94a0b$60b025513f86dc59ea0ab56a867913dde887ff28", "website": "", "email_chapter_optin": true, "photo": "", "user_permissions": [], "alt_email": "", "trained": false, "dob": null, "first_name": "Holly", "dob_public": false, "uni_end": null, "tshirt": null, "course_type": 0, "username": "hollyj", "mobile": "", "email_othernewsletter_optin": true, "mobile_verified": false, "email_careers_newsletter_AU_optin": false, "union_member": false, "uni_start": null, "new_email": "", "is_active": true, "is_superuser": false, "bio": "", "mobile_marketing_optin": true, "student_number": "", "email_public": false, "email_newsletter_optin": true, "email": "hollyj@notrealaddress.com", "timezone": null, "student_type": 0, "aliases": [], "course": "", "company": "", "mobile_reminder_optin": true, "email_reminder_optin": true, "last_name": "Jones", "university": 1, "security_check": false, "forum_last_act": "2015-08-29T18:54:46.832", "chapter": 20, "gender": 2}}, {"model": "auth.user", "pk": 605, "fields": {"last_login": "2011-10-24T00:03:17", "date_joined": "2011-07-07T14:05:02", "job_title": "", "internal_notes": "", "is_staff": true, "privacy": 5, "name_display": null, "password": "sha1$94a0b$60b025513f86dc59ea0ab56a867913dde887ff28", "website": "", "email_chapter_optin": true, "photo": "", "user_permissions": [], "alt_email": "", "trained": false, "dob": null, "first_name": "Nada", "dob_public": false, "uni_end": null, "tshirt": null, "course_type": 0, "username": "NadaelH", "mobile": "", "email_othernewsletter_optin": true, "mobile_verified": false, "email_careers_newsletter_AU_optin": false, "union_member": false, "uni_start": null, "new_email": "", "is_active": true, "is_superuser": false, "bio": "", "mobile_marketing_optin": true, "student_number": "", "email_public": false, "email_newsletter_optin": true, "email": "NadaelH@notrealaddress.com", "timezone": null, "student_type": 0, "aliases": [], "course": "", "company": "", "mobile_reminder_optin": true, "email_reminder_optin": true, "last_name": "el-Hariry", "university": null, "security_check": false, "forum_last_act": "2015-08-29T18:54:46.885", "chapter": 14, "gender": 2}}, {"model": "auth.user", "pk": 614, "fields": {"last_login": "2012-02-07T14:15:28", "date_joined": "2011-07-08T11:10:45", "job_title": "", "internal_notes": "", "is_staff": true, "privacy": 10, "name_display": null, "password": "sha1$94a0b$60b025513f86dc59ea0ab56a867913dde887ff28", "website": "", "email_chapter_optin": true, "photo": "", "user_permissions": [], "alt_email": "", "trained": false, "dob": null, "first_name": "Rebecca", "dob_public": false, "uni_end": "2012-06-01", "tshirt": null, "course_type": 1, "username": "rebeccaG", "mobile": "", "email_othernewsletter_optin": true, "mobile_verified": false, "email_careers_newsletter_AU_optin": false, "union_member": false, "uni_start": null, "new_email": "", "is_active": true, "is_superuser": false, "bio": "", "mobile_marketing_optin": true, "student_number": "", "email_public": true, "email_newsletter_optin": true, "email": "rebeccaG@notrealaddress.com", "timezone": null, "student_type": 1, "aliases": [], "course": "", "company": "", "mobile_reminder_optin": true, "email_reminder_optin": true, "last_name": "George", "university": 11, "security_check": false, "forum_last_act": "2015-08-29T18:54:46.913", "chapter": 14, "gender": 2}}, {"model": "auth.user", "pk": 648, "fields": {"last_login": "2012-04-19T09:12:46", "date_joined": "2011-08-02T09:30:36", "job_title": "", "internal_notes": "", "is_staff": true, "privacy": 10, "name_display": null, "password": "sha1$94a0b$60b025513f86dc59ea0ab56a867913dde887ff28", "website": "", "email_chapter_optin": true, "photo": "", "user_permissions": [], "alt_email": "", "trained": true, "dob": null, "first_name": "Nicole", "dob_public": false, "uni_end": "2014-11-01", "tshirt": null, "course_type": 1, "username": "NicoleBrown056", "mobile": "", "email_othernewsletter_optin": true, "mobile_verified": false, "email_careers_newsletter_AU_optin": false, "union_member": true, "uni_start": "2011-03-01", "new_email": "", "is_active": true, "is_superuser": false, "bio": "An opportunity for girls to show the guys what we can do :) \r\n", "mobile_marketing_optin": true, "student_number": "", "email_public": true, "email_newsletter_optin": true, "email": "NicoleBrown056@notrealaddress.com", "timezone": null, "student_type": 1, "aliases": [], "course": "Bachelor of Science", "company": "", "mobile_reminder_optin": true, "email_reminder_optin": true, "last_name": "Brown", "university": 1, "security_check": false, "forum_last_act": "2015-08-29T18:54:46.903", "chapter": 3, "gender": 2}}, {"model": "auth.user", "pk": 659, "fields": {"last_login": "2011-11-19T17:22:37", "date_joined": "2011-10-01T00:00:00", "job_title": "", "internal_notes": "", "is_staff": true, "privacy": 5, "name_display": null, "password": "sha1$94a0b$60b025513f86dc59ea0ab56a867913dde887ff28", "website": "", "email_chapter_optin": true, "photo": "", "user_permissions": [], "alt_email": "", "trained": false, "dob": null, "first_name": "Makiko", "dob_public": false, "uni_end": null, "tshirt": null, "course_type": 0, "username": "nagasawa", "mobile": "", "email_othernewsletter_optin": true, "mobile_verified": false, "email_careers_newsletter_AU_optin": false, "union_member": false, "uni_start": null, "new_email": "", "is_active": true, "is_superuser": false, "bio": "", "mobile_marketing_optin": true, "student_number": "", "email_public": false, "email_newsletter_optin": true, "email": "nagasawa@notrealaddress.com", "timezone": null, "student_type": 0, "aliases": [], "course": "", "company": "", "mobile_reminder_optin": true, "email_reminder_optin": true, "last_name": "Nagasawa", "university": null, "security_check": false, "forum_last_act": "2015-08-29T18:54:46.890", "chapter": 26, "gender": 2}}, {"model": "auth.user", "pk": 661, "fields": {"last_login": "2012-03-10T02:00:18", "date_joined": "2011-08-06T23:25:25", "job_title": "", "internal_notes": "Is really awesome", "is_staff": true, "privacy": 10, "name_display": null, "password": "sha1$94a0b$60b025513f86dc59ea0ab56a867913dde887ff28", "website": "", "email_chapter_optin": true, "photo": "", "user_permissions": [], "alt_email": "", "trained": true, "dob": null, "first_name": "Garima", "dob_public": false, "uni_end": "2014-06-01", "tshirt": null, "course_type": 1, "username": "garima", "mobile": "", "email_othernewsletter_optin": true, "mobile_verified": false, "email_careers_newsletter_AU_optin": false, "union_member": false, "uni_start": "2010-09-01", "new_email": "", "is_active": true, "is_superuser": false, "bio": "", "mobile_marketing_optin": true, "student_number": "", "email_public": true, "email_newsletter_optin": true, "email": "garima@notrealaddress.com", "timezone": null, "student_type": 1, "aliases": [], "course": "Mechanical, Aerospace Engineering", "company": "", "mobile_reminder_optin": true, "email_reminder_optin": true, "last_name": "Gupta", "university": 58, "security_check": false, "forum_last_act": "2015-08-29T18:54:46.825", "chapter": 22, "gender": 2}}, {"model": "auth.user", "pk": 671, "fields": {"last_login": "2011-12-22T23:27:13", "date_joined": "2011-08-13T00:00:00", "job_title": "", "internal_notes": "", "is_staff": false, "privacy": 5, "name_display": null, "password": "sha1$94a0b$60b025513f86dc59ea0ab56a867913dde887ff28", "website": "", "email_chapter_optin": true, "photo": "", "user_permissions": [], "alt_email": "", "trained": false, "dob": null, "first_name": "Effie", "dob_public": false, "uni_end": null, "tshirt": null, "course_type": 0, "username": "effie", "mobile": "", "email_othernewsletter_optin": true, "mobile_verified": false, "email_careers_newsletter_AU_optin": false, "union_member": false, "uni_start": null, "new_email": "", "is_active": true, "is_superuser": false, "bio": "", "mobile_marketing_optin": true, "student_number": "", "email_public": false, "email_newsletter_optin": true, "email": "effie@notrealaddress.com", "timezone": null, "student_type": 0, "aliases": [], "course": "", "company": "", "mobile_reminder_optin": true, "email_reminder_optin": true, "last_name": "Fox", "university": 27, "security_check": false, "forum_last_act": "2015-08-29T18:54:46.807", "chapter": 20, "gender": 2}}, {"model": "auth.user", "pk": 674, "fields": {"last_login": "2011-08-14T23:20:58", "date_joined": "2011-08-13T00:00:00", "job_title": "", "internal_notes": "", "is_staff": true, "privacy": 5, "name_display": null, "password": "sha1$94a0b$60b025513f86dc59ea0ab56a867913dde887ff28", "website": "", "email_chapter_optin": true, "photo": "", "user_permissions": [], "alt_email": "", "trained": false, "dob": null, "first_name": "Alison", "dob_public": false, "uni_end": null, "tshirt": null, "course_type": 0, "username": "alison", "mobile": "", "email_othernewsletter_optin": true, "mobile_verified": false, "email_careers_newsletter_AU_optin": false, "union_member": false, "uni_start": null, "new_email": "", "is_active": true, "is_superuser": false, "bio": "", "mobile_marketing_optin": true, "student_number": "", "email_public": false, "email_newsletter_optin": true, "email": "alison@notrealaddress.com", "timezone": null, "student_type": 0, "aliases": [], "course": "", "company": "", "mobile_reminder_optin": true, "email_reminder_optin": true, "last_name": "Henderson", "university": 20, "security_check": false, "forum_last_act": "2015-08-29T18:54:46.755", "chapter": 20, "gender": 2}}, {"model": "auth.user", "pk": 675, "fields": {"last_login": "2012-02-21T22:34:11", "date_joined": "2011-08-13T00:00:00", "job_title": "", "internal_notes": "", "is_staff": true, "privacy": 10, "name_display": null, "password": "sha1$94a0b$60b025513f86dc59ea0ab56a867913dde887ff28", "website": "", "email_chapter_optin": true, "photo": "", "user_permissions": [], "alt_email": "", "trained": false, "dob": null, "first_name": "Samantha", "dob_public": false, "uni_end": "2014-11-01", "tshirt": null, "course_type": 1, "username": "samantha", "mobile": "", "email_othernewsletter_optin": true, "mobile_verified": false, "email_careers_newsletter_AU_optin": false, "union_member": false, "uni_start": "2008-02-01", "new_email": "", "is_active": true, "is_superuser": false, "bio": "I'm currently studying Computer Science and Mechatronics.", "mobile_marketing_optin": true, "student_number": "", "email_public": false, "email_newsletter_optin": true, "email": "samantha@notrealaddress.com", "timezone": null, "student_type": 1, "aliases": [], "course": "Bachelor Enginnering/Science", "company": "", "mobile_reminder_optin": true, "email_reminder_optin": true, "last_name": "Connelly", "university": 42, "security_check": false, "forum_last_act": "2015-08-29T18:54:46.919", "chapter": 20, "gender": 2}}, {"model": "auth.user", "pk": 677, "fields": {"last_login": "2011-08-15T11:01:04", "date_joined": "2011-08-13T00:00:00", "job_title": "", "internal_notes": "", "is_staff": true, "privacy": 5, "name_display": null, "password": "sha1$94a0b$60b025513f86dc59ea0ab56a867913dde887ff28", "website": "", "email_chapter_optin": true, "photo": "", "user_permissions": [], "alt_email": "", "trained": false, "dob": null, "first_name": "Liang", "dob_public": false, "uni_end": null, "tshirt": null, "course_type": 0, "username": "liang", "mobile": "", "email_othernewsletter_optin": true, "mobile_verified": false, "email_careers_newsletter_AU_optin": false, "union_member": false, "uni_start": null, "new_email": "", "is_active": true, "is_superuser": false, "bio": "", "mobile_marketing_optin": true, "student_number": "", "email_public": false, "email_newsletter_optin": true, "email": "liang@notrealaddress.com", "timezone": null, "student_type": 0, "aliases": [], "course": "", "company": "", "mobile_reminder_optin": true, "email_reminder_optin": true, "last_name": "Jun", "university": 36, "security_check": false, "forum_last_act": "2015-08-29T18:54:46.855", "chapter": 20, "gender": 2}}, {"model": "auth.user", "pk": 678, "fields": {"last_login": "2011-12-06T05:44:30", "date_joined": "2011-08-13T00:00:00", "job_title": "", "internal_notes": "", "is_staff": false, "privacy": 5, "name_display": null, "password": "sha1$94a0b$60b025513f86dc59ea0ab56a867913dde887ff28", "website": "", "email_chapter_optin": true, "photo": "", "user_permissions": [], "alt_email": "", "trained": false, "dob": null, "first_name": "Ashlee", "dob_public": false, "uni_end": "2013-11-01", "tshirt": null, "course_type": 1, "username": "ashlee", "mobile": "", "email_othernewsletter_optin": true, "mobile_verified": false, "email_careers_newsletter_AU_optin": false, "union_member": false, "uni_start": "2009-03-01", "new_email": "", "is_active": true, "is_superuser": false, "bio": "", "mobile_marketing_optin": true, "student_number": "", "email_public": false, "email_newsletter_optin": true, "email": "ashlee@notrealaddress.com", "timezone": null, "student_type": 1, "aliases": [], "course": "Mining Engineering", "company": "", "mobile_reminder_optin": true, "email_reminder_optin": true, "last_name": "McKenna", "university": 36, "security_check": false, "forum_last_act": "2015-08-29T18:54:46.761", "chapter": 20, "gender": 2}}, {"model": "auth.user", "pk": 1296, "fields": {"last_login": "2012-03-12T19:40:43", "date_joined": "2012-02-25T00:00:00", "job_title": "", "internal_notes": "", "is_staff": true, "privacy": 5, "name_display": null, "password": "sha1$94a0b$60b025513f86dc59ea0ab56a867913dde887ff28", "website": "", "email_chapter_optin": true, "photo": "", "user_permissions": [], "alt_email": "", "trained": false, "dob": null, "first_name": "Gabriela", "dob_public": false, "uni_end": null, "tshirt": null, "course_type": 0, "username": "gabriela", "mobile": "", "email_othernewsletter_optin": true, "mobile_verified": false, "email_careers_newsletter_AU_optin": false, "union_member": false, "uni_start": null, "new_email": "", "is_active": true, "is_superuser": false, "bio": "", "mobile_marketing_optin": true, "student_number": "", "email_public": false, "email_newsletter_optin": true, "email": "gabriela@notrealaddress.com", "timezone": null, "student_type": 0, "aliases": [], "course": "", "company": "", "mobile_reminder_optin": true, "email_reminder_optin": true, "last_name": "Melchior", "university": 63, "security_check": false, "forum_last_act": "2015-08-29T18:54:46.820", "chapter": 31, "gender": 2}}, {"model": "auth.user", "pk": 1298, "fields": {"last_login": "2012-02-20T07:13:10", "date_joined": "2012-02-25T00:00:00", "job_title": "", "internal_notes": "", "is_staff": true, "privacy": 5, "name_display": null, "password": "sha1$94a0b$60b025513f86dc59ea0ab56a867913dde887ff28", "website": "", "email_chapter_optin": true, "photo": "", "user_permissions": [], "alt_email": "", "trained": false, "dob": null, "first_name": "Nicole", "dob_public": false, "uni_end": null, "tshirt": null, "course_type": 0, "username": "nlewis", "mobile": "", "email_othernewsletter_optin": true, "mobile_verified": false, "email_careers_newsletter_AU_optin": false, "union_member": false, "uni_start": null, "new_email": "", "is_active": true, "is_superuser": false, "bio": "", "mobile_marketing_optin": true, "student_number": "", "email_public": false, "email_newsletter_optin": true, "email": "nlewis@notrealaddress.com", "timezone": null, "student_type": 0, "aliases": [], "course": "", "company": "", "mobile_reminder_optin": true, "email_reminder_optin": true, "last_name": "Lewis", "university": 63, "security_check": false, "forum_last_act": "2015-08-29T18:54:46.908", "chapter": 31, "gender": 2}}, {"model": "auth.user", "pk": 1299, "fields": {"last_login": "2012-02-20T07:13:10", "date_joined": "2012-02-25T00:00:00", "job_title": "", "internal_notes": "", "is_staff": true, "privacy": 5, "name_display": null, "password": "sha1$94a0b$60b025513f86dc59ea0ab56a867913dde887ff28", "website": "", "email_chapter_optin": true, "photo": "", "user_permissions": [], "alt_email": "", "trained": false, "dob": null, "first_name": "Brittany", "dob_public": false, "uni_end": null, "tshirt": null, "course_type": 0, "username": "brittany", "mobile": "", "email_othernewsletter_optin": true, "mobile_verified": false, "email_careers_newsletter_AU_optin": false, "union_member": false, "uni_start": null, "new_email": "", "is_active": true, "is_superuser": false, "bio": "", "mobile_marketing_optin": true, "student_number": "", "email_public": false, "email_newsletter_optin": true, "email": "brittany@notrealaddress.com", "timezone": null, "student_type": 0, "aliases": [], "course": "", "company": "", "mobile_reminder_optin": true, "email_reminder_optin": true, "last_name": "Subers", "university": 63, "security_check": false, "forum_last_act": "2015-08-29T18:54:46.779", "chapter": 31, "gender": 2}}, {"model": "auth.user", "pk": 1306, "fields": {"last_login": "2012-02-29T00:10:13", "date_joined": "2012-02-25T00:00:00", "job_title": "", "internal_notes": "", "is_staff": true, "privacy": 5, "name_display": null, "password": "sha1$94a0b$60b025513f86dc59ea0ab56a867913dde887ff28", "website": "", "email_chapter_optin": true, "photo": "", "user_permissions": [], "alt_email": "", "trained": false, "dob": null, "first_name": "Yifei", "dob_public": false, "uni_end": null, "tshirt": null, "course_type": 0, "username": "yhuang", "mobile": "", "email_othernewsletter_optin": true, "mobile_verified": false, "email_careers_newsletter_AU_optin": false, "union_member": false, "uni_start": null, "new_email": "", "is_active": true, "is_superuser": false, "bio": "", "mobile_marketing_optin": true, "student_number": "", "email_public": false, "email_newsletter_optin": true, "email": "yhuang@notrealaddress.com", "timezone": null, "student_type": 0, "aliases": [], "course": "", "company": "", "mobile_reminder_optin": true, "email_reminder_optin": true, "last_name": "Huang", "university": 58, "security_check": false, "forum_last_act": "2015-08-29T18:54:46.951", "chapter": 22, "gender": 2}}, {"model": "auth.user", "pk": 1310, "fields": {"last_login": "2012-02-25T23:04:55", "date_joined": "2012-02-25T00:00:00", "job_title": "", "internal_notes": "", "is_staff": true, "privacy": 5, "name_display": null, "password": "sha1$94a0b$60b025513f86dc59ea0ab56a867913dde887ff28", "website": "", "email_chapter_optin": true, "photo": "", "user_permissions": [], "alt_email": "", "trained": false, "dob": null, "first_name": "Do Hee", "dob_public": false, "uni_end": null, "tshirt": null, "course_type": 0, "username": "dohee", "mobile": "", "email_othernewsletter_optin": true, "mobile_verified": false, "email_careers_newsletter_AU_optin": false, "union_member": false, "uni_start": null, "new_email": "", "is_active": true, "is_superuser": false, "bio": "", "mobile_marketing_optin": true, "student_number": "", "email_public": false, "email_newsletter_optin": true, "email": "dohee@notrealaddress.com", "timezone": null, "student_type": 0, "aliases": [], "course": "", "company": "", "mobile_reminder_optin": true, "email_reminder_optin": true, "last_name": "Kim", "university": 58, "security_check": false, "forum_last_act": "2015-08-29T18:54:46.790", "chapter": 22, "gender": 2}}, {"model": "auth.user", "pk": 1735, "fields": {"last_login": "2012-04-19T09:17:52", "date_joined": "2012-04-19T09:17:52", "job_title": "", "internal_notes": "", "is_staff": false, "privacy": 0, "name_display": null, "password": "!", "website": "", "email_chapter_optin": false, "photo": "", "user_permissions": [], "alt_email": "", "trained": false, "dob": null, "first_name": "myRobogals", "dob_public": false, "uni_end": null, "tshirt": null, "course_type": 0, "username": "edit", "mobile": "", "email_othernewsletter_optin": false, "mobile_verified": false, "email_careers_newsletter_AU_optin": false, "union_member": false, "uni_start": null, "new_email": "", "is_active": false, "is_superuser": false, "bio": "", "mobile_marketing_optin": false, "student_number": "", "email_public": false, "email_newsletter_optin": false, "email": "my@robogals.org", "timezone": null, "student_type": 0, "aliases": [], "course": "", "company": "", "mobile_reminder_optin": false, "email_reminder_optin": false, "last_name": "Admin", "university": null, "security_check": false, "forum_last_act": "2015-08-29T18:54:46.795", "chapter": 1, "gender": 0}}, {"model": "rgprofile.position", "pk": 6, "fields": {"user": 7, "positionChapter": 1, "position_date_start": "2010-01-01", "position_date_end": null, "positionType": 2}}, {"model": "rgprofile.position", "pk": 41, "fields": {"user": 41, "positionChapter": 9, "position_date_start": "2009-03-01", "position_date_end": "2009-09-30", "positionType": 2}}, {"model": "rgprofile.position", "pk": 42, "fields": {"user": 41, "positionChapter": 9, "position_date_start": "2009-10-01", "position_date_end": "2011-01-31", "positionType": 1}}, {"model": "rgprofile.position", "pk": 52, "fields": {"user": 117, "positionChapter": 9, "position_date_start": "2010-04-25", "position_date_end": "2011-01-31", "positionType": 13}}, {"model": "rgprofile.position", "pk": 54, "fields": {"user": 120, "positionChapter": 9, "position_date_start": "2010-04-25", "position_date_end": null, "positionType": 3}}, {"model": "rgprofile.position", "pk": 55, "fields": {"user": 122, "positionChapter": 9, "position_date_start": "2010-04-25", "position_date_end": null, "positionType": 5}}, {"model": "rgprofile.position", "pk": 82, "fields": {"user": 5, "positionChapter": 1, "position_date_start": "2009-10-01", "position_date_end": "2010-10-31", "positionType": 14}}, {"model": "rgprofile.position", "pk": 109, "fields": {"user": 152, "positionChapter": 3, "position_date_start": "2010-09-10", "position_date_end": "2011-09-23", "positionType": 3}}, {"model": "rgprofile.position", "pk": 127, "fields": {"user": 5, "positionChapter": 1, "position_date_start": "2010-11-01", "position_date_end": "2011-08-13", "positionType": 23}}, {"model": "rgprofile.position", "pk": 137, "fields": {"user": 117, "positionChapter": 9, "position_date_start": "2011-02-01", "position_date_end": null, "positionType": 1}}, {"model": "rgprofile.position", "pk": 141, "fields": {"user": 41, "positionChapter": 8, "position_date_start": "2011-02-01", "position_date_end": "2012-01-29", "positionType": 11}}, {"model": "rgprofile.position", "pk": 161, "fields": {"user": 192, "positionChapter": 14, "position_date_start": "2011-02-23", "position_date_end": "2011-09-14", "positionType": 3}}, {"model": "rgprofile.position", "pk": 166, "fields": {"user": 122, "positionChapter": 8, "position_date_start": "2011-02-11", "position_date_end": null, "positionType": 5}}, {"model": "rgprofile.position", "pk": 178, "fields": {"user": 539, "positionChapter": 2, "position_date_start": "2011-06-01", "position_date_end": null, "positionType": 44}}, {"model": "rgprofile.position", "pk": 179, "fields": {"user": 586, "positionChapter": 20, "position_date_start": "2011-06-18", "position_date_end": "2011-12-31", "positionType": 31}}, {"model": "rgprofile.position", "pk": 182, "fields": {"user": 659, "positionChapter": 26, "position_date_start": "2011-10-01", "position_date_end": null, "positionType": 1}}, {"model": "rgprofile.position", "pk": 184, "fields": {"user": 661, "positionChapter": 22, "position_date_start": "2011-08-06", "position_date_end": "2012-02-24", "positionType": 33}}, {"model": "rgprofile.position", "pk": 186, "fields": {"user": 1, "positionChapter": 1, "position_date_start": "2008-07-14", "position_date_end": null, "positionType": 35}}, {"model": "rgprofile.position", "pk": 187, "fields": {"user": 5, "positionChapter": 1, "position_date_start": "2011-08-14", "position_date_end": null, "positionType": 34}}, {"model": "rgprofile.position", "pk": 200, "fields": {"user": 192, "positionChapter": 14, "position_date_start": "2011-09-15", "position_date_end": "2012-01-28", "positionType": 2}}, {"model": "rgprofile.position", "pk": 202, "fields": {"user": 614, "positionChapter": 14, "position_date_start": "2011-09-15", "position_date_end": null, "positionType": 6}}, {"model": "rgprofile.position", "pk": 206, "fields": {"user": 178, "positionChapter": 4, "position_date_start": "2011-09-24", "position_date_end": null, "positionType": 1}}, {"model": "rgprofile.position", "pk": 207, "fields": {"user": 178, "positionChapter": 4, "position_date_start": "2011-09-24", "position_date_end": null, "positionType": 36}}, {"model": "rgprofile.position", "pk": 209, "fields": {"user": 257, "positionChapter": 4, "position_date_start": "2011-09-24", "position_date_end": null, "positionType": 38}}, {"model": "rgprofile.position", "pk": 210, "fields": {"user": 257, "positionChapter": 4, "position_date_start": "2011-09-24", "position_date_end": null, "positionType": 6}}, {"model": "rgprofile.position", "pk": 211, "fields": {"user": 190, "positionChapter": 4, "position_date_start": "2011-09-24", "position_date_end": null, "positionType": 5}}, {"model": "rgprofile.position", "pk": 212, "fields": {"user": 648, "positionChapter": 3, "position_date_start": "2011-09-24", "position_date_end": null, "positionType": 40}}, {"model": "rgprofile.position", "pk": 215, "fields": {"user": 526, "positionChapter": 3, "position_date_start": "2011-09-24", "position_date_end": null, "positionType": 6}}, {"model": "rgprofile.position", "pk": 224, "fields": {"user": 30, "positionChapter": 2, "position_date_start": "2011-09-24", "position_date_end": null, "positionType": 11}}, {"model": "rgprofile.position", "pk": 231, "fields": {"user": 152, "positionChapter": 3, "position_date_start": "2011-09-24", "position_date_end": null, "positionType": 1}}, {"model": "rgprofile.position", "pk": 255, "fields": {"user": 192, "positionChapter": 14, "position_date_start": "2012-01-29", "position_date_end": null, "positionType": 1}}, {"model": "rgprofile.position", "pk": 265, "fields": {"user": 92, "positionChapter": 8, "position_date_start": "2012-01-29", "position_date_end": null, "positionType": 11}}, {"model": "rgprofile.position", "pk": 266, "fields": {"user": 41, "positionChapter": 21, "position_date_start": "2012-02-25", "position_date_end": null, "positionType": 11}}, {"model": "rgprofile.position", "pk": 269, "fields": {"user": 1310, "positionChapter": 22, "position_date_start": "2012-02-25", "position_date_end": null, "positionType": 6}}, {"model": "rgprofile.position", "pk": 270, "fields": {"user": 661, "positionChapter": 22, "position_date_start": "2012-02-25", "position_date_end": null, "positionType": 1}}, {"model": "rgprofile.position", "pk": 274, "fields": {"user": 1306, "positionChapter": 22, "position_date_start": "2012-02-25", "position_date_end": null, "positionType": 2}}, {"model": "rgprofile.position", "pk": 281, "fields": {"user": 1299, "positionChapter": 31, "position_date_start": "2012-02-25", "position_date_end": null, "positionType": 5}}, {"model": "rgprofile.position", "pk": 282, "fields": {"user": 1296, "positionChapter": 31, "position_date_start": "2012-02-25", "position_date_end": null, "positionType": 1}}, {"model": "rgprofile.position", "pk": 284, "fields": {"user": 1298, "positionChapter": 31, "position_date_start": "2012-02-25", "position_date_end": null, "positionType": 36}}, {"model": "rgprofile.userlist", "pk": 19, "fields": {"notes": "", "users": [152], "name": "Committee", "chapter": 3, "display_columns": [26, 4, 15]}}, {"model": "rgteaching.event", "pk": 1, "fields": {"location": "Classroom 42", "contact_phone": "", "status": 1, "visit_end": "2012-04-19T13:00:00", "allow_rsvp": 0, "chapter": 3, "contact_email": "nicole@robogals.org.au", "meeting_time": "2012-04-19T09:30:00", "visit_start": "2012-04-19T10:00:00", "notes": "", "contact": "Nicole Brown", "creator": 648, "meeting_location": "N/A"}}, {"model": "rgteaching.schoolvisit", "pk": 1, "fields": {"school": 1, "yearlvl": "7", "numrobots": "10", "numstudents": "25", "otherprep": "", "tobring": "", "closing_comments": "", "lessonnum": "1", "toprint": ""}}, {"model": "rgteaching.eventmessage", "pk": 1, "fields": {"user": 648, "date": "2012-04-19T19:14:27", "event": 1, "message": "Looking forward to this one!"}}, {"model": "rgteaching.eventattendee", "pk": 1, "fields": {"user": 648, "actual_status": 1, "event": 1, "hours": 0, "rsvp_status": 2}}, {"model": "auth.memberstatus", "pk": 1, "fields": {"user": 5, "status_date_end": null, "statusType": 1, "status_date_start": "2008-07-14"}}, {"model": "auth.memberstatus", "pk": 6, "fields": {"user": 1, "status_date_end": null, "statusType": 1, "status_date_start": "2008-07-14"}}, {"model": "auth.memberstatus", "pk": 8, "fields": {"user": 7, "status_date_end": null, "statusType": 1, "status_date_start": "2008-08-15"}}, {"model": "auth.memberstatus", "pk": 31, "fields": {"user": 30, "status_date_end": null, "statusType": 1, "status_date_start": "2009-10-01"}}, {"model": "auth.memberstatus", "pk": 42, "fields": {"user": 41, "status_date_end": null, "statusType": 1, "status_date_start": "2009-03-01"}}, {"model": "auth.memberstatus", "pk": 52, "fields": {"user": 117, "status_date_end": null, "statusType": 1, "status_date_start": "2010-04-25"}}, {"model": "auth.memberstatus", "pk": 54, "fields": {"user": 120, "status_date_end": null, "statusType": 1, "status_date_start": "2010-04-25"}}, {"model": "auth.memberstatus", "pk": 55, "fields": {"user": 122, "status_date_end": null, "statusType": 1, "status_date_start": "2010-04-25"}}, {"model": "auth.memberstatus", "pk": 71, "fields": {"user": 92, "status_date_end": null, "statusType": 1, "status_date_start": "2010-04-25"}}, {"model": "auth.memberstatus", "pk": 111, "fields": {"user": 152, "status_date_end": null, "statusType": 1, "status_date_start": "2010-09-10"}}, {"model": "auth.memberstatus", "pk": 137, "fields": {"user": 178, "status_date_end": null, "statusType": 1, "status_date_start": "2010-10-29"}}, {"model": "auth.memberstatus", "pk": 149, "fields": {"user": 190, "status_date_end": null, "statusType": 1, "status_date_start": "2010-11-17"}}, {"model": "auth.memberstatus", "pk": 151, "fields": {"user": 192, "status_date_end": null, "statusType": 1, "status_date_start": "2010-11-20"}}, {"model": "auth.memberstatus", "pk": 216, "fields": {"user": 257, "status_date_end": null, "statusType": 1, "status_date_start": "2011-02-20"}}, {"model": "auth.memberstatus", "pk": 483, "fields": {"user": 526, "status_date_end": null, "statusType": 1, "status_date_start": "2011-04-10"}}, {"model": "auth.memberstatus", "pk": 496, "fields": {"user": 539, "status_date_end": null, "statusType": 1, "status_date_start": "2011-04-17"}}, {"model": "auth.memberstatus", "pk": 544, "fields": {"user": 586, "status_date_end": null, "statusType": 1, "status_date_start": "2011-06-18"}}, {"model": "auth.memberstatus", "pk": 563, "fields": {"user": 605, "status_date_end": null, "statusType": 1, "status_date_start": "2011-07-07"}}, {"model": "auth.memberstatus", "pk": 572, "fields": {"user": 614, "status_date_end": null, "statusType": 1, "status_date_start": "2011-07-08"}}, {"model": "auth.memberstatus", "pk": 606, "fields": {"user": 648, "status_date_end": null, "statusType": 1, "status_date_start": "2011-08-02"}}, {"model": "auth.memberstatus", "pk": 617, "fields": {"user": 659, "status_date_end": null, "statusType": 1, "status_date_start": "2011-10-01"}}, {"model": "auth.memberstatus", "pk": 619, "fields": {"user": 661, "status_date_end": null, "statusType": 1, "status_date_start": "2011-08-06"}}, {"model": "auth.memberstatus", "pk": 629, "fields": {"user": 671, "status_date_end": null, "statusType": 1, "status_date_start": "2011-08-10"}}, {"model": "auth.memberstatus", "pk": 632, "fields": {"user": 674, "status_date_end": null, "statusType": 1, "status_date_start": "2011-08-10"}}, {"model": "auth.memberstatus", "pk": 633, "fields": {"user": 675, "status_date_end": null, "statusType": 1, "status_date_start": "2011-08-10"}}, {"model": "auth.memberstatus", "pk": 635, "fields": {"user": 677, "status_date_end": null, "statusType": 1, "status_date_start": "2011-08-10"}}, {"model": "auth.memberstatus", "pk": 636, "fields": {"user": 678, "status_date_end": null, "statusType": 1, "status_date_start": "2011-08-10"}}, {"model": "auth.memberstatus", "pk": 1496, "fields": {"user": 1296, "status_date_end": null, "statusType": 1, "status_date_start": "2012-02-25"}}, {"model": "auth.memberstatus", "pk": 1498, "fields": {"user": 1298, "status_date_end": null, "statusType": 1, "status_date_start": "2012-02-25"}}, {"model": "auth.memberstatus", "pk": 1499, "fields": {"user": 1299, "status_date_end": null, "statusType": 1, "status_date_start": "2012-02-25"}}, {"model": "auth.memberstatus", "pk": 1506, "fields": {"user": 1306, "status_date_end": null, "statusType": 1, "status_date_start": "2012-02-25"}}, {"model": "auth.memberstatus", "pk": 1510, "fields": {"user": 1310, "status_date_end": null, "statusType": 1, "status_date_start": "2012-02-25"}}, {"model": "auth.memberstatus", "pk": 2023, "fields": {"user": 1735, "status_date_end": null, "statusType": 5, "status_date_start": "2012-04-19"}}]